Objective_Type,Tuning_Profile,Controller_Type,GS_Method,Iteration,PSO_Cost,TPE_Cost,CMA-ES_Cost,GWO_Cost
default_objective,balanced,classic,None,1,0.008488139421344942,0.010404098903920708,0.16256083769736632,0.00816980723209075
default_objective,balanced,classic,None,2,0.008268782574291958,0.010404098903920708,0.013913840994320336,0.00816980723209075
default_objective,balanced,classic,None,3,0.0080549665381134,0.010404098903920708,0.013913840994320336,0.008144282075629375
default_objective,balanced,classic,None,4,0.0080549665381134,0.010404098903920708,0.013913840994320336,0.008143307807461963
default_objective,balanced,classic,None,5,0.0080549665381134,0.010404098903920708,0.013913840994320336,0.0077584258653580155
default_objective,balanced,classic,None,6,0.0080549665381134,0.010404098903920708,0.013913840994320336,0.0077584258653580155
default_objective,balanced,classic,None,7,0.0080549665381134,0.010404098903920708,0.013913840994320336,0.0077584258653580155
default_objective,balanced,classic,None,8,0.007762447095594446,0.010404098903920708,0.013913840994320336,0.0077584258653580155
default_objective,balanced,classic,None,9,0.007762447095594446,0.010404098903920708,0.013913840994320336,0.0077584258653580155
default_objective,balanced,classic,None,10,0.007762447095594446,0.010404098903920708,0.009770059342530134,0.007656056497588091
default_objective,balanced,classic,None,11,0.007762447095594446,0.010404098903920708,0.009770059342530134,0.007656056497588091
default_objective,balanced,classic,None,12,0.007762447095594446,0.010404098903920708,0.009770059342530134,0.007656056497588091
default_objective,balanced,classic,None,13,0.007762447095594446,0.009210335980313502,0.009770059342530134,0.007656056497588091
default_objective,balanced,classic,None,14,0.007573122617689893,0.009210335980313502,0.009770059342530134,0.007656056497588091
default_objective,balanced,classic,None,15,0.007573122617689893,0.009210335980313502,0.009770059342530134,0.007488233166743269
default_objective,balanced,classic,None,16,0.007573122617689893,0.009210335980313502,0.009770059342530134,0.007488233166743269
default_objective,balanced,classic,None,17,0.007573122617689893,0.009210335980313502,0.009770059342530134,0.007460136301655714
default_objective,balanced,classic,None,18,0.007573122617689893,0.009210335980313502,0.009770059342530134,0.007460136301655714
default_objective,balanced,classic,None,19,0.007573122617689893,0.009210335980313502,0.009770059342530134,0.007460136301655714
default_objective,balanced,classic,None,20,0.007573122617689893,0.009210335980313502,0.009770059342530134,0.007460136301655714
default_objective,balanced,classic,None,21,0.007573122617689893,0.009210335980313502,0.009770059342530134,0.0073863272365210855
default_objective,balanced,classic,None,22,0.007573122617689893,0.009210335980313502,0.009770059342530134,0.0073863272365210855
default_objective,balanced,classic,None,23,0.007573122617689893,0.009210335980313502,0.009770059342530134,0.007368883605471775
default_objective,balanced,classic,None,24,0.007573122617689893,0.008146138652953393,0.009770059342530134,0.007368883605471775
default_objective,balanced,classic,None,25,0.007573122617689893,0.008146138652953393,0.00879643242147884,0.007368883605471775
default_objective,balanced,classic,None,26,0.007573122617689893,0.008146138652953393,0.00879643242147884,0.007368883605471775
default_objective,balanced,classic,None,27,0.007573122617689893,0.008146138652953393,0.00879643242147884,0.007319298537586085
default_objective,balanced,classic,None,28,0.007573122617689893,0.008146138652953393,0.00879643242147884,0.007319298537586085
default_objective,balanced,classic,None,29,0.007573122617689893,0.008146138652953393,0.00879643242147884,0.007310619886417898
default_objective,balanced,classic,None,30,0.007573122617689893,0.008146138652953393,0.00879643242147884,0.007310619886417898
default_objective,balanced,classic,None,31,0.007573122617689893,0.008146138652953393,0.00879643242147884,0.007296886697063429
default_objective,balanced,classic,None,32,0.007573122617689893,0.008146138652953393,0.00879643242147884,0.007254628026254818
default_objective,balanced,classic,None,33,0.007573122617689893,0.008146138652953393,0.00879643242147884,0.007254628026254818
default_objective,balanced,classic,None,34,0.007573122617689893,0.008146138652953393,0.00879643242147884,0.007214133471723766
default_objective,balanced,classic,None,35,0.007573122617689893,0.008146138652953393,0.00879643242147884,0.007214133471723766
default_objective,balanced,classic,None,36,0.007552261257939809,0.008146138652953393,0.00879643242147884,0.0071943380413594556
default_objective,balanced,classic,None,37,0.007552261257939809,0.008146138652953393,0.00879643242147884,0.0071943380413594556
default_objective,balanced,classic,None,38,0.007552261257939809,0.008146138652953393,0.00879643242147884,0.0071943380413594556
default_objective,balanced,classic,None,39,0.007552261257939809,0.008146138652953393,0.00879643242147884,0.0071943380413594556
default_objective,balanced,classic,None,40,0.007552261257939809,0.008146138652953393,0.00879643242147884,0.007189543171262996
default_objective,balanced,classic,None,41,0.00754385747866153,0.008146138652953393,0.00879643242147884,0.007189543171262996
default_objective,balanced,classic,None,42,0.00754385747866153,0.008146138652953393,0.00879643242147884,0.007189543171262996
default_objective,balanced,classic,None,43,0.00754385747866153,0.008097584544000131,0.00879643242147884,0.0071676828433640365
default_objective,balanced,classic,None,44,0.00754385747866153,0.008097584544000131,0.00879643242147884,0.00716641370595246
default_objective,balanced,classic,None,45,0.00754385747866153,0.008097584544000131,0.00879643242147884,0.00716246975520271
default_objective,balanced,classic,None,46,0.00754385747866153,0.008097584544000131,0.00879643242147884,0.007157211773657957
default_objective,balanced,classic,None,47,0.00754385747866153,0.008097584544000131,0.00879643242147884,0.007153787857437073
default_objective,balanced,classic,None,48,0.00754385747866153,0.008097584544000131,0.00879643242147884,0.007151846463340156
default_objective,balanced,classic,None,49,0.00754385747866153,0.008097584544000131,0.00879643242147884,0.007151302613290699
default_objective,balanced,classic,None,50,0.00754385747866153,0.008097584544000131,0.00879643242147884,0.007151183641374222
default_objective,balanced,classic,None,51,0.00754385747866153,0.008097584544000131,0.00879643242147884,0.007151183641374222
default_objective,balanced,classic,None,52,0.00754385747866153,0.008097584544000131,0.00879643242147884,0.007151183641374222
default_objective,balanced,classic,None,53,0.00754385747866153,0.008097584544000131,0.00879643242147884,0.007151183641374222
default_objective,balanced,classic,None,54,0.00754385747866153,0.008097584544000131,0.00879643242147884,0.007151183641374222
default_objective,balanced,classic,None,55,0.00754385747866153,0.008097584544000131,0.00879643242147884,0.007151183641374222
default_objective,balanced,classic,None,56,0.00754385747866153,0.008097584544000131,0.00879643242147884,0.007151183641374222
default_objective,balanced,classic,None,57,0.00754385747866153,0.008097584544000131,0.00879643242147884,0.007151183641374222
default_objective,balanced,classic,None,58,0.00754385747866153,0.008097584544000131,0.00879643242147884,0.007151183641374222
default_objective,balanced,classic,None,59,0.00754385747866153,0.008097584544000131,0.00879643242147884,0.007151183641374222
default_objective,balanced,classic,None,60,0.00754385747866153,0.007924996649988142,0.00879643242147884,0.007151183641374222
default_objective,balanced,classic,None,61,0.00754385747866153,0.007924996649988142,0.00879643242147884,0.007151183641374222
default_objective,balanced,classic,None,62,0.00754385747866153,0.007924996649988142,0.00879643242147884,0.007151183641374222
default_objective,balanced,classic,None,63,0.00754385747866153,0.007924996649988142,0.00879643242147884,0.007151183641374222
default_objective,balanced,classic,None,64,0.00754385747866153,0.007924996649988142,0.00879643242147884,0.007151183641374222
default_objective,balanced,classic,None,65,0.00754385747866153,0.007924996649988142,0.00879643242147884,0.007151183641374222
default_objective,balanced,classic,None,66,0.00754385747866153,0.007924996649988142,0.00879643242147884,0.007151183641374222
default_objective,balanced,classic,None,67,0.00754385747866153,0.007924996649988142,0.00879643242147884,0.007151183641374222
default_objective,balanced,classic,None,68,0.00754385747866153,0.007924996649988142,0.00879643242147884,0.007151183641374222
default_objective,balanced,classic,None,69,0.00754385747866153,0.007924996649988142,0.00879643242147884,0.007151183641374222
default_objective,balanced,classic,None,70,0.00754385747866153,0.007924996649988142,0.00879643242147884,0.007151183641374222
default_objective,balanced,classic,None,71,0.00754385747866153,0.007924996649988142,0.00879643242147884,0.007151183641374222
default_objective,balanced,classic,None,72,0.00754385747866153,0.007924996649988142,0.00879643242147884,0.007151183641374222
default_objective,balanced,classic,None,73,0.00754385747866153,0.007924996649988142,0.00879643242147884,0.007151183641374222
default_objective,balanced,classic,None,74,0.00754385747866153,0.007924996649988142,0.00879643242147884,0.007151183641374222
default_objective,balanced,classic,None,75,0.00754385747866153,0.007924996649988142,0.00879643242147884,0.007151183641374222
default_objective,balanced,classic,step,1,0.010401558301696718,0.011867584445065124,0.011945850315166286,0.008649479109385494
default_objective,balanced,classic,step,2,0.008393767707769836,0.011867584445065124,0.010567338124444447,0.008311395876266756
default_objective,balanced,classic,step,3,0.008393767707769836,0.011867584445065124,0.010567338124444447,0.008311395876266756
default_objective,balanced,classic,step,4,0.008242916161990015,0.011867584445065124,0.010567338124444447,0.008133624878197045
default_objective,balanced,classic,step,5,0.008059981327825927,0.011867584445065124,0.010567338124444447,0.008133624878197045
default_objective,balanced,classic,step,6,0.008059981327825927,0.011867584445065124,0.010567338124444447,0.008011714539640455
default_objective,balanced,classic,step,7,0.008059981327825927,0.011867584445065124,0.010567338124444447,0.008011714539640455
default_objective,balanced,classic,step,8,0.008059981327825927,0.011867584445065124,0.010567338124444447,0.008011714539640455
default_objective,balanced,classic,step,9,0.008059981327825927,0.011867584445065124,0.008870693236320485,0.008011714539640455
default_objective,balanced,classic,step,10,0.008059981327825927,0.011867584445065124,0.008870693236320485,0.008011714539640455
default_objective,balanced,classic,step,11,0.008016805101260542,0.011867584445065124,0.008870693236320485,0.008011714539640455
default_objective,balanced,classic,step,12,0.008016805101260542,0.011867584445065124,0.008870693236320485,0.007919541197691922
default_objective,balanced,classic,step,13,0.008016805101260542,0.011867584445065124,0.008870693236320485,0.007817432338040178
default_objective,balanced,classic,step,14,0.008016805101260542,0.011867584445065124,0.008870693236320485,0.007817432338040178
default_objective,balanced,classic,step,15,0.007729466236222402,0.011867584445065124,0.008870693236320485,0.007817432338040178
default_objective,balanced,classic,step,16,0.007729466236222402,0.011867584445065124,0.008870693236320485,0.007817432338040178
default_objective,balanced,classic,step,17,0.007729466236222402,0.011867584445065124,0.008870693236320485,0.007710969643984035
default_objective,balanced,classic,step,18,0.007729466236222402,0.011867584445065124,0.008870693236320485,0.007710969643984035
default_objective,balanced,classic,step,19,0.007729466236222402,0.011867584445065124,0.008870693236320485,0.007684476856844106
default_objective,balanced,classic,step,20,0.007729466236222402,0.011867584445065124,0.008870693236320485,0.007640865853371683
default_objective,balanced,classic,step,21,0.007729466236222402,0.011867584445065124,0.008870693236320485,0.007640865853371683
default_objective,balanced,classic,step,22,0.007729466236222402,0.011867584445065124,0.008870693236320485,0.007633775396162329
default_objective,balanced,classic,step,23,0.007729466236222402,0.011867584445065124,0.008870693236320485,0.007589427566327783
default_objective,balanced,classic,step,24,0.007729466236222402,0.011867584445065124,0.008870693236320485,0.007589427566327783
default_objective,balanced,classic,step,25,0.007729466236222402,0.011867584445065124,0.008870693236320485,0.007589427566327783
default_objective,balanced,classic,step,26,0.007729466236222402,0.01171032427399631,0.008870693236320485,0.007589427566327783
default_objective,balanced,classic,step,27,0.007729466236222402,0.01171032427399631,0.008870693236320485,0.0075315327051504516
default_objective,balanced,classic,step,28,0.007729466236222402,0.009294080398624666,0.008326385594997284,0.007424441354672634
default_objective,balanced,classic,step,29,0.007729466236222402,0.009294080398624666,0.008326385594997284,0.007424441354672634
default_objective,balanced,classic,step,30,0.007729466236222402,0.009294080398624666,0.008326385594997284,0.007424441354672634
default_objective,balanced,classic,step,31,0.007729466236222402,0.009294080398624666,0.008326385594997284,0.007424441354672634
default_objective,balanced,classic,step,32,0.007634223947324639,0.009294080398624666,0.008326385594997284,0.007395632863457562
default_objective,balanced,classic,step,33,0.007634223947324639,0.009294080398624666,0.008326385594997284,0.007316238015136804
default_objective,balanced,classic,step,34,0.007634223947324639,0.009294080398624666,0.008326385594997284,0.007245046333437702
default_objective,balanced,classic,step,35,0.007634223947324639,0.009294080398624666,0.008326385594997284,0.007245046333437702
default_objective,balanced,classic,step,36,0.007634223947324639,0.009294080398624666,0.008326385594997284,0.0072259968550921665
default_objective,balanced,classic,step,37,0.007634223947324639,0.009294080398624666,0.008326385594997284,0.007212238979661123
default_objective,balanced,classic,step,38,0.007634223947324639,0.00857336534261013,0.008326385594997284,0.007172761622829884
default_objective,balanced,classic,step,39,0.007634223947324639,0.00857336534261013,0.008326385594997284,0.007172761622829884
default_objective,balanced,classic,step,40,0.007634223947324639,0.008323466891715817,0.008326385594997284,0.007139231231862742
default_objective,balanced,classic,step,41,0.007634223947324639,0.008323466891715817,0.008326385594997284,0.007135486036060684
default_objective,balanced,classic,step,42,0.007634223947324639,0.008323466891715817,0.008326385594997284,0.0071270721504844365
default_objective,balanced,classic,step,43,0.007634223947324639,0.008323466891715817,0.008326385594997284,0.0071270721504844365
default_objective,balanced,classic,step,44,0.007634223947324639,0.008267414809857807,0.008326385594997284,0.0071270721504844365
default_objective,balanced,classic,step,45,0.007634223947324639,0.008267414809857807,0.008326385594997284,0.0071220742729795035
default_objective,balanced,classic,step,46,0.007634223947324639,0.008267414809857807,0.008326385594997284,0.007107202078592765
default_objective,balanced,classic,step,47,0.007634223947324639,0.008267414809857807,0.008326385594997284,0.007106398095204422
default_objective,balanced,classic,step,48,0.007634223947324639,0.008267414809857807,0.008326385594997284,0.007103594691707901
default_objective,balanced,classic,step,49,0.007634223947324639,0.008180779192567019,0.008326385594997284,0.007102041992164967
default_objective,balanced,classic,step,50,0.007634223947324639,0.008180779192567019,0.008326385594997284,0.007102041992164967
default_objective,balanced,classic,step,51,0.007634223947324639,0.008180779192567019,0.008326385594997284,0.007102041992164967
default_objective,balanced,classic,step,52,0.007634223947324639,0.008180779192567019,0.008326385594997284,0.007102041992164967
default_objective,balanced,classic,step,53,0.007634223947324639,0.00814846343976946,0.008326385594997284,0.007102041992164967
default_objective,balanced,classic,step,54,0.007634223947324639,0.00814846343976946,0.008326385594997284,0.007102041992164967
default_objective,balanced,classic,step,55,0.007634223947324639,0.00814846343976946,0.008326385594997284,0.007102041992164967
default_objective,balanced,classic,step,56,0.007634223947324639,0.00814846343976946,0.008326385594997284,0.007102041992164967
default_objective,balanced,classic,step,57,0.007634223947324639,0.00814846343976946,0.008326385594997284,0.007102041992164967
default_objective,balanced,classic,step,58,0.007634223947324639,0.00814846343976946,0.008326385594997284,0.007102041992164967
default_objective,balanced,classic,step,59,0.007634223947324639,0.00814846343976946,0.008326385594997284,0.007102041992164967
default_objective,balanced,classic,step,60,0.007634223947324639,0.00814846343976946,0.008326385594997284,0.007102041992164967
default_objective,balanced,classic,step,61,0.007634223947324639,0.00814846343976946,0.008326385594997284,0.007102041992164967
default_objective,balanced,classic,step,62,0.007634223947324639,0.00814846343976946,0.008326385594997284,0.007102041992164967
default_objective,balanced,classic,step,63,0.007634223947324639,0.00814846343976946,0.008326385594997284,0.007102041992164967
default_objective,balanced,classic,step,64,0.007634223947324639,0.00814846343976946,0.008326385594997284,0.007102041992164967
default_objective,balanced,classic,step,65,0.007634223947324639,0.00814846343976946,0.008326385594997284,0.007102041992164967
default_objective,balanced,classic,step,66,0.007634223947324639,0.008012401520792937,0.008326385594997284,0.007102041992164967
default_objective,balanced,classic,step,67,0.007634223947324639,0.008012401520792937,0.008326385594997284,0.007102041992164967
default_objective,balanced,classic,step,68,0.007634223947324639,0.008012401520792937,0.008326385594997284,0.007102041992164967
default_objective,balanced,classic,step,69,0.007634223947324639,0.008012401520792937,0.008326385594997284,0.007102041992164967
default_objective,balanced,classic,step,70,0.007634223947324639,0.008012401520792937,0.008326385594997284,0.007102041992164967
default_objective,balanced,classic,step,71,0.007634223947324639,0.008012401520792937,0.008326385594997284,0.007102041992164967
default_objective,balanced,classic,step,72,0.007634223947324639,0.008012401520792937,0.008326385594997284,0.007102041992164967
default_objective,balanced,classic,step,73,0.007634223947324639,0.008012401520792937,0.008326385594997284,0.007102041992164967
default_objective,balanced,classic,step,74,0.007634223947324639,0.008012401520792937,0.008326385594997284,0.007102041992164967
default_objective,balanced,classic,step,75,0.007634223947324639,0.008012401520792937,0.008326385594997284,0.007102041992164967
default_objective,aggressive,classic,None,1,0.02131466234877014,0.13446827301694345,0.2930833201884795,0.01492154244778639
default_objective,aggressive,classic,None,2,0.0196229823344332,0.13446827301694345,0.2930833201884795,0.013675849843344592
default_objective,aggressive,classic,None,3,0.01547321545237665,0.03801783616211954,0.1427937056756645,0.011754724313569744
default_objective,aggressive,classic,None,4,0.011762002682347512,0.03801783616211954,0.1427937056756645,0.011625058995732868
default_objective,aggressive,classic,None,5,0.011615074229758519,0.03801783616211954,0.06425726255455023,0.010776103497732299
default_objective,aggressive,classic,None,6,0.011615074229758519,0.03801783616211954,0.06425726255455023,0.010776103497732299
default_objective,aggressive,classic,None,7,0.011615074229758519,0.03801783616211954,0.06425726255455023,0.01059271342623589
default_objective,aggressive,classic,None,8,0.011468160382558499,0.03801783616211954,0.06425726255455023,0.01059271342623589
default_objective,aggressive,classic,None,9,0.011468160382558499,0.03801783616211954,0.03995707254675936,0.010469390408748572
default_objective,aggressive,classic,None,10,0.011468160382558499,0.03801783616211954,0.03995707254675936,0.010469390408748572
default_objective,aggressive,classic,None,11,0.011015609245204235,0.03801783616211954,0.03995707254675936,0.010469390408748572
default_objective,aggressive,classic,None,12,0.011015609245204235,0.03801783616211954,0.03995707254675936,0.010469390408748572
default_objective,aggressive,classic,None,13,0.011015609245204235,0.03801783616211954,0.03995707254675936,0.010469390408748572
default_objective,aggressive,classic,None,14,0.011015609245204235,0.03801783616211954,0.024920035899170294,0.010469390408748572
default_objective,aggressive,classic,None,15,0.011015609245204235,0.03801783616211954,0.024920035899170294,0.010421468562669274
default_objective,aggressive,classic,None,16,0.011015609245204235,0.03801783616211954,0.024920035899170294,0.010366238390044188
default_objective,aggressive,classic,None,17,0.010780504431273917,0.0322053318432155,0.024920035899170294,0.010366238390044188
default_objective,aggressive,classic,None,18,0.010780504431273917,0.0322053318432155,0.024920035899170294,0.010366238390044188
default_objective,aggressive,classic,None,19,0.010780504431273917,0.020263241868508797,0.024920035899170294,0.010303543580388827
default_objective,aggressive,classic,None,20,0.010780504431273917,0.014311086345176067,0.024920035899170294,0.010303543580388827
default_objective,aggressive,classic,None,21,0.010780504431273917,0.014311086345176067,0.024920035899170294,0.010282346371619963
default_objective,aggressive,classic,None,22,0.010780504431273917,0.014311086345176067,0.024920035899170294,0.010282346371619963
default_objective,aggressive,classic,None,23,0.010780504431273917,0.013433062560113595,0.024920035899170294,0.010232708753523159
default_objective,aggressive,classic,None,24,0.010780504431273917,0.012324620811625622,0.024920035899170294,0.01013574763815467
default_objective,aggressive,classic,None,25,0.010665005013194336,0.012324620811625622,0.024920035899170294,0.01013574763815467
default_objective,aggressive,classic,None,26,0.010665005013194336,0.012324620811625622,0.024920035899170294,0.010018927275692771
default_objective,aggressive,classic,None,27,0.010665005013194336,0.012324620811625622,0.024920035899170294,0.010018927275692771
default_objective,aggressive,classic,None,28,0.010665005013194336,0.012324620811625622,0.024920035899170294,0.010018927275692771
default_objective,aggressive,classic,None,29,0.010665005013194336,0.012324620811625622,0.024920035899170294,0.009954544196905793
default_objective,aggressive,classic,None,30,0.010665005013194336,0.012324620811625622,0.024920035899170294,0.009954544196905793
default_objective,aggressive,classic,None,31,0.010665005013194336,0.012324620811625622,0.024920035899170294,0.009954544196905793
default_objective,aggressive,classic,None,32,0.010665005013194336,0.012324620811625622,0.024920035899170294,0.009948654414107406
default_objective,aggressive,classic,None,33,0.010665005013194336,0.012324620811625622,0.024920035899170294,0.009948654414107406
default_objective,aggressive,classic,None,34,0.010665005013194336,0.012324620811625622,0.024920035899170294,0.009948654414107406
default_objective,aggressive,classic,None,35,0.010665005013194336,0.012324620811625622,0.024920035899170294,0.009891767148005428
default_objective,aggressive,classic,None,36,0.010665005013194336,0.012324620811625622,0.024920035899170294,0.009891767148005428
default_objective,aggressive,classic,None,37,0.010665005013194336,0.012324620811625622,0.024920035899170294,0.009891767148005428
default_objective,aggressive,classic,None,38,0.010665005013194336,0.012324620811625622,0.024920035899170294,0.009873680010113843
default_objective,aggressive,classic,None,39,0.010665005013194336,0.011551057950552885,0.024920035899170294,0.009872701121894681
default_objective,aggressive,classic,None,40,0.010665005013194336,0.011404492359763914,0.024920035899170294,0.009872701121894681
default_objective,aggressive,classic,None,41,0.010665005013194336,0.011404492359763914,0.024920035899170294,0.009867327686007952
default_objective,aggressive,classic,None,42,0.010665005013194336,0.011282920436598039,0.024920035899170294,0.00985761757813029
default_objective,aggressive,classic,None,43,0.010634059835538069,0.011122286957540754,0.024920035899170294,0.009839708011081076
default_objective,aggressive,classic,None,44,0.010634059835538069,0.011122286957540754,0.024920035899170294,0.009839708011081076
default_objective,aggressive,classic,None,45,0.010634059835538069,0.011122286957540754,0.024920035899170294,0.009836515782241782
default_objective,aggressive,classic,None,46,0.010609290160074227,0.011122286957540754,0.024920035899170294,0.009836515782241782
default_objective,aggressive,classic,None,47,0.010609290160074227,0.011122286957540754,0.024920035899170294,0.009831266499986599
default_objective,aggressive,classic,None,48,0.010609290160074227,0.011122286957540754,0.024920035899170294,0.00982783400624281
default_objective,aggressive,classic,None,49,0.010609290160074227,0.011122286957540754,0.024920035899170294,0.009825289566676382
default_objective,aggressive,classic,None,50,0.010609290160074227,0.011122286957540754,0.024920035899170294,0.009825289566676382
default_objective,aggressive,classic,None,51,0.010609290160074227,0.011122286957540754,0.024920035899170294,0.009825289566676382
default_objective,aggressive,classic,None,52,0.010609290160074227,0.011122286957540754,0.024920035899170294,0.009825289566676382
default_objective,aggressive,classic,None,53,0.010609290160074227,0.011122286957540754,0.024920035899170294,0.009825289566676382
default_objective,aggressive,classic,None,54,0.010609290160074227,0.011122286957540754,0.024920035899170294,0.009825289566676382
default_objective,aggressive,classic,None,55,0.010609290160074227,0.011122286957540754,0.024920035899170294,0.009825289566676382
default_objective,aggressive,classic,None,56,0.010609290160074227,0.011122286957540754,0.024920035899170294,0.009825289566676382
default_objective,aggressive,classic,None,57,0.010609290160074227,0.011122286957540754,0.024920035899170294,0.009825289566676382
default_objective,aggressive,classic,None,58,0.010609290160074227,0.011122286957540754,0.024920035899170294,0.009825289566676382
default_objective,aggressive,classic,None,59,0.010609290160074227,0.011122286957540754,0.024920035899170294,0.009825289566676382
default_objective,aggressive,classic,None,60,0.010609290160074227,0.011122286957540754,0.024920035899170294,0.009825289566676382
default_objective,aggressive,classic,None,61,0.010609290160074227,0.011122286957540754,0.024920035899170294,0.009825289566676382
default_objective,aggressive,classic,None,62,0.010609290160074227,0.011122286957540754,0.024920035899170294,0.009825289566676382
default_objective,aggressive,classic,None,63,0.010609290160074227,0.011122286957540754,0.024920035899170294,0.009825289566676382
default_objective,aggressive,classic,None,64,0.010609290160074227,0.011122286957540754,0.024920035899170294,0.009825289566676382
default_objective,aggressive,classic,None,65,0.010609290160074227,0.011122286957540754,0.024920035899170294,0.009825289566676382
default_objective,aggressive,classic,None,66,0.010609290160074227,0.011122286957540754,0.024920035899170294,0.009825289566676382
default_objective,aggressive,classic,None,67,0.010609290160074227,0.011122286957540754,0.024920035899170294,0.009825289566676382
default_objective,aggressive,classic,None,68,0.010609290160074227,0.011122286957540754,0.024920035899170294,0.009825289566676382
default_objective,aggressive,classic,None,69,0.010609290160074227,0.011122286957540754,0.024920035899170294,0.009825289566676382
default_objective,aggressive,classic,None,70,0.010609290160074227,0.011122286957540754,0.024920035899170294,0.009825289566676382
default_objective,aggressive,classic,None,71,0.010609290160074227,0.011122286957540754,0.024920035899170294,0.009825289566676382
default_objective,aggressive,classic,None,72,0.010609290160074227,0.011122286957540754,0.024920035899170294,0.009825289566676382
default_objective,aggressive,classic,None,73,0.010609290160074227,0.011122286957540754,0.024920035899170294,0.009825289566676382
default_objective,aggressive,classic,None,74,0.010609290160074227,0.011122286957540754,0.024920035899170294,0.009825289566676382
default_objective,aggressive,classic,None,75,0.010609290160074227,0.011122286957540754,0.024920035899170294,0.009825289566676382
default_objective,aggressive,classic,step,1,0.01862751770170039,0.883901919940093,0.39640217389477217,0.015336879352554867
default_objective,aggressive,classic,step,2,0.012960678914485973,0.3785990463458449,0.08878031249209865,0.012548888335362038
default_objective,aggressive,classic,step,3,0.011428878342258995,0.018411950375117364,0.04615840447141213,0.012548888335362038
default_objective,aggressive,classic,step,4,0.011156300408512104,0.018411950375117364,0.04615840447141213,0.012085691885135209
default_objective,aggressive,classic,step,5,0.011156300408512104,0.018411950375117364,0.04165854972243223,0.011518657389780433
default_objective,aggressive,classic,step,6,0.011156300408512104,0.018411950375117364,0.04165854972243223,0.010635997249509413
default_objective,aggressive,classic,step,7,0.011156300408512104,0.018411950375117364,0.020656775402750308,0.010635997249509413
default_objective,aggressive,classic,step,8,0.011156300408512104,0.018411950375117364,0.020656775402750308,0.010635997249509413
default_objective,aggressive,classic,step,9,0.011156300408512104,0.018411950375117364,0.020656775402750308,0.010293032801604521
default_objective,aggressive,classic,step,10,0.011156300408512104,0.018411950375117364,0.020656775402750308,0.010183153693560737
default_objective,aggressive,classic,step,11,0.011156300408512104,0.018411950375117364,0.020656775402750308,0.010183153693560737
default_objective,aggressive,classic,step,12,0.011156300408512104,0.018411950375117364,0.020656775402750308,0.010031480412045268
default_objective,aggressive,classic,step,13,0.011156300408512104,0.018411950375117364,0.020656775402750308,0.010031480412045268
default_objective,aggressive,classic,step,14,0.011156300408512104,0.018411950375117364,0.020656775402750308,0.010031480412045268
default_objective,aggressive,classic,step,15,0.011156300408512104,0.018411950375117364,0.020656775402750308,0.010031480412045268
default_objective,aggressive,classic,step,16,0.011156300408512104,0.013096113431308213,0.020656775402750308,0.009972208827617282
default_objective,aggressive,classic,step,17,0.011156300408512104,0.013096113431308213,0.020656775402750308,0.009972208827617282
default_objective,aggressive,classic,step,18,0.011156300408512104,0.013096113431308213,0.020656775402750308,0.009925990378399736
default_objective,aggressive,classic,step,19,0.011156300408512104,0.013096113431308213,0.020656775402750308,0.009905210028591406
default_objective,aggressive,classic,step,20,0.011156300408512104,0.013096113431308213,0.020656775402750308,0.009905210028591406
default_objective,aggressive,classic,step,21,0.011156300408512104,0.013096113431308213,0.020656775402750308,0.009905210028591406
default_objective,aggressive,classic,step,22,0.011156300408512104,0.013096113431308213,0.020656775402750308,0.009905210028591406
default_objective,aggressive,classic,step,23,0.011156300408512104,0.013096113431308213,0.020656775402750308,0.009905210028591406
default_objective,aggressive,classic,step,24,0.011156300408512104,0.013096113431308213,0.020656775402750308,0.009902132174081013
default_objective,aggressive,classic,step,25,0.011156300408512104,0.013096113431308213,0.020656775402750308,0.009902132174081013
default_objective,aggressive,classic,step,26,0.01115389649416624,0.013096113431308213,0.020656775402750308,0.009902132174081013
default_objective,aggressive,classic,step,27,0.01115389649416624,0.013096113431308213,0.020656775402750308,0.009862224155100347
default_objective,aggressive,classic,step,28,0.01115389649416624,0.013096113431308213,0.020656775402750308,0.009862224155100347
default_objective,aggressive,classic,step,29,0.01115389649416624,0.012416968917457999,0.020656775402750308,0.009862224155100347
default_objective,aggressive,classic,step,30,0.01115389649416624,0.012416968917457999,0.020656775402750308,0.009831450612067007
default_objective,aggressive,classic,step,31,0.01115389649416624,0.012416968917457999,0.020656775402750308,0.009831450612067007
default_objective,aggressive,classic,step,32,0.01115389649416624,0.012416968917457999,0.019306701486392467,0.009831043474502435
default_objective,aggressive,classic,step,33,0.01115389649416624,0.012416968917457999,0.019306701486392467,0.009831043474502435
default_objective,aggressive,classic,step,34,0.01115389649416624,0.012416968917457999,0.019306701486392467,0.009831043474502435
default_objective,aggressive,classic,step,35,0.01115389649416624,0.012416968917457999,0.019306701486392467,0.009831043474502435
default_objective,aggressive,classic,step,36,0.01115389649416624,0.012416968917457999,0.019306701486392467,0.009831043474502435
default_objective,aggressive,classic,step,37,0.01115389649416624,0.012416968917457999,0.019306701486392467,0.009831043474502435
default_objective,aggressive,classic,step,38,0.01115389649416624,0.012416968917457999,0.019306701486392467,0.00982138669586423
default_objective,aggressive,classic,step,39,0.01115389649416624,0.012416968917457999,0.019306701486392467,0.00982138669586423
default_objective,aggressive,classic,step,40,0.01115389649416624,0.012416968917457999,0.019306701486392467,0.009821261560325362
default_objective,aggressive,classic,step,41,0.01115389649416624,0.012416968917457999,0.019306701486392467,0.009821261560325362
default_objective,aggressive,classic,step,42,0.01115389649416624,0.012416968917457999,0.01643646057937964,0.009821261560325362
default_objective,aggressive,classic,step,43,0.01115389649416624,0.012416968917457999,0.01643646057937964,0.009818863125811744
default_objective,aggressive,classic,step,44,0.01115389649416624,0.012416968917457999,0.01643646057937964,0.009818863125811744
default_objective,aggressive,classic,step,45,0.01115389649416624,0.012416968917457999,0.01643646057937964,0.009818863125811744
default_objective,aggressive,classic,step,46,0.01115389649416624,0.012416968917457999,0.01643646057937964,0.009818863125811744
default_objective,aggressive,classic,step,47,0.01115389649416624,0.012416968917457999,0.012998980150368978,0.00981060175916378
default_objective,aggressive,classic,step,48,0.01115389649416624,0.012416968917457999,0.012998980150368978,0.00981060175916378
default_objective,aggressive,classic,step,49,0.01115389649416624,0.012416968917457999,0.012998980150368978,0.009806441289522842
default_objective,aggressive,classic,step,50,0.01115389649416624,0.012416968917457999,0.012998980150368978,0.009806441289522842
default_objective,aggressive,classic,step,51,0.01115389649416624,0.012416968917457999,0.012998980150368978,0.009806441289522842
default_objective,aggressive,classic,step,52,0.01115389649416624,0.012416968917457999,0.012998980150368978,0.009806441289522842
default_objective,aggressive,classic,step,53,0.01115389649416624,0.012416968917457999,0.012998980150368978,0.009806441289522842
default_objective,aggressive,classic,step,54,0.01115389649416624,0.012416968917457999,0.012998980150368978,0.009806441289522842
default_objective,aggressive,classic,step,55,0.01115389649416624,0.012416968917457999,0.012998980150368978,0.009806441289522842
default_objective,aggressive,classic,step,56,0.01115389649416624,0.012416968917457999,0.012998980150368978,0.009806441289522842
default_objective,aggressive,classic,step,57,0.01115389649416624,0.012416968917457999,0.012998980150368978,0.009806441289522842
default_objective,aggressive,classic,step,58,0.01115389649416624,0.012416968917457999,0.012998980150368978,0.009806441289522842
default_objective,aggressive,classic,step,59,0.01115389649416624,0.012416968917457999,0.012998980150368978,0.009806441289522842
default_objective,aggressive,classic,step,60,0.01115389649416624,0.012416968917457999,0.012998980150368978,0.009806441289522842
default_objective,aggressive,classic,step,61,0.01115389649416624,0.012416968917457999,0.012998980150368978,0.009806441289522842
default_objective,aggressive,classic,step,62,0.01115389649416624,0.012416968917457999,0.012998980150368978,0.009806441289522842
default_objective,aggressive,classic,step,63,0.01115389649416624,0.011991555676313832,0.012998980150368978,0.009806441289522842
default_objective,aggressive,classic,step,64,0.01115389649416624,0.011991555676313832,0.012998980150368978,0.009806441289522842
default_objective,aggressive,classic,step,65,0.01115389649416624,0.011991555676313832,0.012998980150368978,0.009806441289522842
default_objective,aggressive,classic,step,66,0.01115389649416624,0.011991555676313832,0.012998980150368978,0.009806441289522842
default_objective,aggressive,classic,step,67,0.01115389649416624,0.011991555676313832,0.012998980150368978,0.009806441289522842
default_objective,aggressive,classic,step,68,0.01115389649416624,0.011991555676313832,0.012998980150368978,0.009806441289522842
default_objective,aggressive,classic,step,69,0.01115389649416624,0.011991555676313832,0.012998980150368978,0.009806441289522842
default_objective,aggressive,classic,step,70,0.01115389649416624,0.01187997746432327,0.012998980150368978,0.009806441289522842
default_objective,aggressive,classic,step,71,0.01115389649416624,0.01187997746432327,0.012998980150368978,0.009806441289522842
default_objective,aggressive,classic,step,72,0.01115389649416624,0.01187997746432327,0.012998980150368978,0.009806441289522842
default_objective,aggressive,classic,step,73,0.01115389649416624,0.01187997746432327,0.012998980150368978,0.009806441289522842
default_objective,aggressive,classic,step,74,0.01115389649416624,0.01131087283543045,0.012998980150368978,0.009806441289522842
default_objective,aggressive,classic,step,75,0.01115389649416624,0.01131087283543045,0.012998980150368978,0.009806441289522842
default_objective,eco,classic,None,1,0.03460319269783012,0.0447249856597692,0.03701374003485578,0.033245319303882935
default_objective,eco,classic,None,2,0.03234487061293312,0.0447249856597692,0.03701374003485578,0.03249886805155188
default_objective,eco,classic,None,3,0.03232024584635082,0.03919739793987502,0.03701374003485578,0.03249886805155188
default_objective,eco,classic,None,4,0.03232024584635082,0.03919739793987502,0.03701374003485578,0.031878813614660814
default_objective,eco,classic,None,5,0.03232024584635082,0.03450871116654382,0.03701374003485578,0.031878813614660814
default_objective,eco,classic,None,6,0.03214613668345722,0.03450871116654382,0.03701374003485578,0.031878813614660814
default_objective,eco,classic,None,7,0.03214613668345722,0.03450871116654382,0.03701374003485578,0.031878813614660814
default_objective,eco,classic,None,8,0.03173385798874208,0.03450871116654382,0.03701374003485578,0.031878813614660814
default_objective,eco,classic,None,9,0.03173385798874208,0.03450871116654382,0.03701374003485578,0.031878813614660814
default_objective,eco,classic,None,10,0.03153065392329534,0.03450871116654382,0.03259838751613336,0.03183140079400443
default_objective,eco,classic,None,11,0.03153065392329534,0.03450871116654382,0.03259838751613336,0.03183140079400443
default_objective,eco,classic,None,12,0.03153065392329534,0.03450871116654382,0.03259838751613336,0.03153972388138282
default_objective,eco,classic,None,13,0.03153065392329534,0.03450871116654382,0.03259838751613336,0.03153972388138282
default_objective,eco,classic,None,14,0.03153065392329534,0.03450871116654382,0.03259838751613336,0.03153972388138282
default_objective,eco,classic,None,15,0.03153065392329534,0.03450871116654382,0.03259838751613336,0.03153972388138282
default_objective,eco,classic,None,16,0.031184001243431327,0.03450871116654382,0.03259838751613336,0.031330268986641534
default_objective,eco,classic,None,17,0.031184001243431327,0.03450871116654382,0.03259838751613336,0.03126878461771395
default_objective,eco,classic,None,18,0.031184001243431327,0.03450871116654382,0.03259838751613336,0.031145572140893
default_objective,eco,classic,None,19,0.031184001243431327,0.03450871116654382,0.03259838751613336,0.030967504828436274
default_objective,eco,classic,None,20,0.031184001243431327,0.03450871116654382,0.03259838751613336,0.030967504828436274
default_objective,eco,classic,None,21,0.031184001243431327,0.03450871116654382,0.03259838751613336,0.030967504828436274
default_objective,eco,classic,None,22,0.031184001243431327,0.03450871116654382,0.03259838751613336,0.03083926235879083
default_objective,eco,classic,None,23,0.031184001243431327,0.03450871116654382,0.03259838751613336,0.03083926235879083
default_objective,eco,classic,None,24,0.03105433351913733,0.03450871116654382,0.03259838751613336,0.03083926235879083
default_objective,eco,classic,None,25,0.03105433351913733,0.03450871116654382,0.03259838751613336,0.03083926235879083
default_objective,eco,classic,None,26,0.03105433351913733,0.03450871116654382,0.03259838751613336,0.03083926235879083
default_objective,eco,classic,None,27,0.03105433351913733,0.03450871116654382,0.03259838751613336,0.030735905012742877
default_objective,eco,classic,None,28,0.03105433351913733,0.03450871116654382,0.03259838751613336,0.030735905012742877
default_objective,eco,classic,None,29,0.03105433351913733,0.03450871116654382,0.03259838751613336,0.03063829856155031
default_objective,eco,classic,None,30,0.03105433351913733,0.03450871116654382,0.03259838751613336,0.030564096265756756
default_objective,eco,classic,None,31,0.03105433351913733,0.03450871116654382,0.03259838751613336,0.030124401717721065
default_objective,eco,classic,None,32,0.03099567749040937,0.03450871116654382,0.03259838751613336,0.030124401717721065
default_objective,eco,classic,None,33,0.03099567749040937,0.03450871116654382,0.03259838751613336,0.0301090591028401
default_objective,eco,classic,None,34,0.03099567749040937,0.03450871116654382,0.03259838751613336,0.030090791323198765
default_objective,eco,classic,None,35,0.03099567749040937,0.03450871116654382,0.03259838751613336,0.030040220425796498
default_objective,eco,classic,None,36,0.03099567749040937,0.03450871116654382,0.03259838751613336,0.029983542801255963
default_objective,eco,classic,None,37,0.03099567749040937,0.03450871116654382,0.03259838751613336,0.02995556505732277
default_objective,eco,classic,None,38,0.03090769674760125,0.03450871116654382,0.03259838751613336,0.029921038344492487
default_objective,eco,classic,None,39,0.03090769674760125,0.03450871116654382,0.03259838751613336,0.029887844685678417
default_objective,eco,classic,None,40,0.03090769674760125,0.03450871116654382,0.03259838751613336,0.029843285450163074
default_objective,eco,classic,None,41,0.03090769674760125,0.03450871116654382,0.03259838751613336,0.029804039487248617
default_objective,eco,classic,None,42,0.030759841937088573,0.03450871116654382,0.03259838751613336,0.029793163180791317
default_objective,eco,classic,None,43,0.030759841937088573,0.03450871116654382,0.03259838751613336,0.029778530148915516
default_objective,eco,classic,None,44,0.030547053091140853,0.03450871116654382,0.03259838751613336,0.029754186622619118
default_objective,eco,classic,None,45,0.030547053091140853,0.03450871116654382,0.03259838751613336,0.029733465030246386
default_objective,eco,classic,None,46,0.030547053091140853,0.03450871116654382,0.03259838751613336,0.029721556403956517
default_objective,eco,classic,None,47,0.030547053091140853,0.03450871116654382,0.03259838751613336,0.02970405101290543
default_objective,eco,classic,None,48,0.030547053091140853,0.03450871116654382,0.03259838751613336,0.029695249193080232
default_objective,eco,classic,None,49,0.030547053091140853,0.03450871116654382,0.03259838751613336,0.029691993954892842
default_objective,eco,classic,None,50,0.030547053091140853,0.03450871116654382,0.03259838751613336,0.029691993954892842
default_objective,eco,classic,None,51,0.030547053091140853,0.03450871116654382,0.03259838751613336,0.029691993954892842
default_objective,eco,classic,None,52,0.030547053091140853,0.03450871116654382,0.03259838751613336,0.029691993954892842
default_objective,eco,classic,None,53,0.030547053091140853,0.03450871116654382,0.03259838751613336,0.029691993954892842
default_objective,eco,classic,None,54,0.030547053091140853,0.03450871116654382,0.03259838751613336,0.029691993954892842
default_objective,eco,classic,None,55,0.030547053091140853,0.03450871116654382,0.03259838751613336,0.029691993954892842
default_objective,eco,classic,None,56,0.030547053091140853,0.034200619285949675,0.03259838751613336,0.029691993954892842
default_objective,eco,classic,None,57,0.030547053091140853,0.034200619285949675,0.03259838751613336,0.029691993954892842
default_objective,eco,classic,None,58,0.030547053091140853,0.034200619285949675,0.03259838751613336,0.029691993954892842
default_objective,eco,classic,None,59,0.030547053091140853,0.034200619285949675,0.03259838751613336,0.029691993954892842
default_objective,eco,classic,None,60,0.030547053091140853,0.03375073202824162,0.03259838751613336,0.029691993954892842
default_objective,eco,classic,None,61,0.030547053091140853,0.03375073202824162,0.03259838751613336,0.029691993954892842
default_objective,eco,classic,None,62,0.030547053091140853,0.03375073202824162,0.03259838751613336,0.029691993954892842
default_objective,eco,classic,None,63,0.030547053091140853,0.03375073202824162,0.03259838751613336,0.029691993954892842
default_objective,eco,classic,None,64,0.030547053091140853,0.03375073202824162,0.03259838751613336,0.029691993954892842
default_objective,eco,classic,None,65,0.030547053091140853,0.03375073202824162,0.03259838751613336,0.029691993954892842
default_objective,eco,classic,None,66,0.030547053091140853,0.03375073202824162,0.03259838751613336,0.029691993954892842
default_objective,eco,classic,None,67,0.030547053091140853,0.03224782039998477,0.03259838751613336,0.029691993954892842
default_objective,eco,classic,None,68,0.030547053091140853,0.03224782039998477,0.03259838751613336,0.029691993954892842
default_objective,eco,classic,None,69,0.030547053091140853,0.03224782039998477,0.03259838751613336,0.029691993954892842
default_objective,eco,classic,None,70,0.030547053091140853,0.03224782039998477,0.03259838751613336,0.029691993954892842
default_objective,eco,classic,None,71,0.030547053091140853,0.03224782039998477,0.03259838751613336,0.029691993954892842
default_objective,eco,classic,None,72,0.030547053091140853,0.03224782039998477,0.03259838751613336,0.029691993954892842
default_objective,eco,classic,None,73,0.030547053091140853,0.03224782039998477,0.03259838751613336,0.029691993954892842
default_objective,eco,classic,None,74,0.030547053091140853,0.03224782039998477,0.03259838751613336,0.029691993954892842
default_objective,eco,classic,None,75,0.030547053091140853,0.03224782039998477,0.03259838751613336,0.029691993954892842
default_objective,eco,classic,step,1,0.03291737143447161,0.04042517896646254,0.06187174049559465,0.033044988271441054
default_objective,eco,classic,step,2,0.032032570876713615,0.04042517896646254,0.045593272531885234,0.032882434458634036
default_objective,eco,classic,step,3,0.032032570876713615,0.04042517896646254,0.045593272531885234,0.031006023279867456
default_objective,eco,classic,step,4,0.032032570876713615,0.04042517896646254,0.037015980111789124,0.031006023279867456
default_objective,eco,classic,step,5,0.03171432660301141,0.04042517896646254,0.037015980111789124,0.031006023279867456
default_objective,eco,classic,step,6,0.03171432660301141,0.04042517896646254,0.037015980111789124,0.03086339187448935
default_objective,eco,classic,step,7,0.03171432660301141,0.04042517896646254,0.037015980111789124,0.030761467342917365
default_objective,eco,classic,step,8,0.03171432660301141,0.03572272326131176,0.037015980111789124,0.030761467342917365
default_objective,eco,classic,step,9,0.03171432660301141,0.03572272326131176,0.037015980111789124,0.030751900395306342
default_objective,eco,classic,step,10,0.03171432660301141,0.03572272326131176,0.037015980111789124,0.030751900395306342
default_objective,eco,classic,step,11,0.03171432660301141,0.03572272326131176,0.03476602681098736,0.03029582971100182
default_objective,eco,classic,step,12,0.03125225360046714,0.03572272326131176,0.03476602681098736,0.03029582971100182
default_objective,eco,classic,step,13,0.03125225360046714,0.03572272326131176,0.03476602681098736,0.029768166935575647
default_objective,eco,classic,step,14,0.031084321631063904,0.03572272326131176,0.0333327797873552,0.029768166935575647
default_objective,eco,classic,step,15,0.031084321631063904,0.03572272326131176,0.0333327797873552,0.029768166935575647
default_objective,eco,classic,step,16,0.031084321631063904,0.03572272326131176,0.0333327797873552,0.029768166935575647
default_objective,eco,classic,step,17,0.031084321631063904,0.03572272326131176,0.0333327797873552,0.029768166935575647
default_objective,eco,classic,step,18,0.031084321631063904,0.03572272326131176,0.0333327797873552,0.029768166935575647
default_objective,eco,classic,step,19,0.031066130927014806,0.03572272326131176,0.0333327797873552,0.029768166935575647
default_objective,eco,classic,step,20,0.031066130927014806,0.03572272326131176,0.0333327797873552,0.029768166935575647
default_objective,eco,classic,step,21,0.031066130927014806,0.03572272326131176,0.0333327797873552,0.02970579587474132
default_objective,eco,classic,step,22,0.031000955617598542,0.03572272326131176,0.0333327797873552,0.02970579587474132
default_objective,eco,classic,step,23,0.031000955617598542,0.03572272326131176,0.0333327797873552,0.029652744478331532
default_objective,eco,classic,step,24,0.031000955617598542,0.03572272326131176,0.0333327797873552,0.029652744478331532
default_objective,eco,classic,step,25,0.031000955617598542,0.03572272326131176,0.0333327797873552,0.029489435500993373
default_objective,eco,classic,step,26,0.031000955617598542,0.03572272326131176,0.03325690540863051,0.029489435500993373
default_objective,eco,classic,step,27,0.031000955617598542,0.03572272326131176,0.03325690540863051,0.029249235123014635
default_objective,eco,classic,step,28,0.031000955617598542,0.03572272326131176,0.03325690540863051,0.029249235123014635
default_objective,eco,classic,step,29,0.031000955617598542,0.03572272326131176,0.03325690540863051,0.029237574354868193
default_objective,eco,classic,step,30,0.031000955617598542,0.03572272326131176,0.03325690540863051,0.029237574354868193
default_objective,eco,classic,step,31,0.031000955617598542,0.03572272326131176,0.03325690540863051,0.029237574354868193
default_objective,eco,classic,step,32,0.031000955617598542,0.03572272326131176,0.03325690540863051,0.029237574354868193
default_objective,eco,classic,step,33,0.031000955617598542,0.03572272326131176,0.03325690540863051,0.029237574354868193
default_objective,eco,classic,step,34,0.031000955617598542,0.03572272326131176,0.03325690540863051,0.029237574354868193
default_objective,eco,classic,step,35,0.030671225802212303,0.03572272326131176,0.03325690540863051,0.029237574354868193
default_objective,eco,classic,step,36,0.03065868861338726,0.03572272326131176,0.03325690540863051,0.029237574354868193
default_objective,eco,classic,step,37,0.03065868861338726,0.03572272326131176,0.03325690540863051,0.029237574354868193
default_objective,eco,classic,step,38,0.03065868861338726,0.03572272326131176,0.03325690540863051,0.029237574354868193
default_objective,eco,classic,step,39,0.03065868861338726,0.03475626450957,0.03325690540863051,0.029237574354868193
default_objective,eco,classic,step,40,0.03065868861338726,0.03475626450957,0.03325690540863051,0.029237574354868193
default_objective,eco,classic,step,41,0.03065868861338726,0.034718786962935386,0.03325690540863051,0.029237574354868193
default_objective,eco,classic,step,42,0.03065868861338726,0.034718786962935386,0.032400538323961656,0.02922733660565064
default_objective,eco,classic,step,43,0.03065868861338726,0.034570582808739266,0.032400538323961656,0.02922733660565064
default_objective,eco,classic,step,44,0.03065868861338726,0.034570582808739266,0.032400538323961656,0.02922733660565064
default_objective,eco,classic,step,45,0.03065868861338726,0.03381397450417518,0.032400538323961656,0.02921986354947324
default_objective,eco,classic,step,46,0.03065868861338726,0.03381397450417518,0.032400538323961656,0.02921986354947324
default_objective,eco,classic,step,47,0.03065868861338726,0.03381397450417518,0.032400538323961656,0.029215311731093187
default_objective,eco,classic,step,48,0.03065868861338726,0.03381397450417518,0.032400538323961656,0.029215311731093187
default_objective,eco,classic,step,49,0.03065868861338726,0.03381397450417518,0.032400538323961656,0.029215311731093187
default_objective,eco,classic,step,50,0.03065868861338726,0.03381397450417518,0.032400538323961656,0.029215311731093187
default_objective,eco,classic,step,51,0.03065868861338726,0.03381397450417518,0.032400538323961656,0.029215311731093187
default_objective,eco,classic,step,52,0.03065868861338726,0.03381397450417518,0.032400538323961656,0.029215311731093187
default_objective,eco,classic,step,53,0.03065868861338726,0.03381397450417518,0.032400538323961656,0.029215311731093187
default_objective,eco,classic,step,54,0.03065868861338726,0.03381397450417518,0.032400538323961656,0.029215311731093187
default_objective,eco,classic,step,55,0.03065868861338726,0.03381397450417518,0.032400538323961656,0.029215311731093187
default_objective,eco,classic,step,56,0.03065868861338726,0.03381397450417518,0.032400538323961656,0.029215311731093187
default_objective,eco,classic,step,57,0.03065868861338726,0.03381397450417518,0.032400538323961656,0.029215311731093187
default_objective,eco,classic,step,58,0.03065868861338726,0.03381397450417518,0.032400538323961656,0.029215311731093187
default_objective,eco,classic,step,59,0.03065868861338726,0.03381397450417518,0.032400538323961656,0.029215311731093187
default_objective,eco,classic,step,60,0.03065868861338726,0.03381397450417518,0.032400538323961656,0.029215311731093187
default_objective,eco,classic,step,61,0.03065868861338726,0.03381397450417518,0.032400538323961656,0.029215311731093187
default_objective,eco,classic,step,62,0.03065868861338726,0.03381397450417518,0.032400538323961656,0.029215311731093187
default_objective,eco,classic,step,63,0.03065868861338726,0.03381397450417518,0.032400538323961656,0.029215311731093187
default_objective,eco,classic,step,64,0.03065868861338726,0.03381397450417518,0.032400538323961656,0.029215311731093187
default_objective,eco,classic,step,65,0.03065868861338726,0.03381397450417518,0.032400538323961656,0.029215311731093187
default_objective,eco,classic,step,66,0.03065868861338726,0.03381397450417518,0.032400538323961656,0.029215311731093187
default_objective,eco,classic,step,67,0.03065868861338726,0.03381397450417518,0.032400538323961656,0.029215311731093187
default_objective,eco,classic,step,68,0.03065868861338726,0.03381397450417518,0.032400538323961656,0.029215311731093187
default_objective,eco,classic,step,69,0.03065868861338726,0.0335829998210709,0.032400538323961656,0.029215311731093187
default_objective,eco,classic,step,70,0.03065868861338726,0.033300375622134865,0.032400538323961656,0.029215311731093187
default_objective,eco,classic,step,71,0.03065868861338726,0.03233946546148158,0.032400538323961656,0.029215311731093187
default_objective,eco,classic,step,72,0.03065868861338726,0.03233946546148158,0.032400538323961656,0.029215311731093187
default_objective,eco,classic,step,73,0.03065868861338726,0.03233946546148158,0.032400538323961656,0.029215311731093187
default_objective,eco,classic,step,74,0.03065868861338726,0.03233946546148158,0.032400538323961656,0.029215311731093187
default_objective,eco,classic,step,75,0.03065868861338726,0.03233946546148158,0.032400538323961656,0.029215311731093187
default_objective,safety,classic,None,1,0.009771092339504394,0.03152879738382633,0.010896210342749766,0.00908895293736749
default_objective,safety,classic,None,2,0.00824291713248368,0.03152879738382633,0.010896210342749766,0.008316993787995122
default_objective,safety,classic,None,3,0.00824291713248368,0.03152879738382633,0.010896210342749766,0.008316993787995122
default_objective,safety,classic,None,4,0.00824291713248368,0.014091161966447356,0.010896210342749766,0.008316993787995122
default_objective,safety,classic,None,5,0.008134504032057161,0.014091161966447356,0.010896210342749766,0.008091465176585945
default_objective,safety,classic,None,6,0.008134504032057161,0.014091161966447356,0.010896210342749766,0.008091465176585945
default_objective,safety,classic,None,7,0.008134504032057161,0.011742196485273582,0.010896210342749766,0.008091465176585945
default_objective,safety,classic,None,8,0.008134504032057161,0.011742196485273582,0.010896210342749766,0.007998159701009469
default_objective,safety,classic,None,9,0.008134504032057161,0.011742196485273582,0.010896210342749766,0.007998159701009469
default_objective,safety,classic,None,10,0.008113889419360063,0.011742196485273582,0.010896210342749766,0.007998159701009469
default_objective,safety,classic,None,11,0.008064988350946609,0.011742196485273582,0.010896210342749766,0.007754757840921754
default_objective,safety,classic,None,12,0.00784976552127508,0.011742196485273582,0.010896210342749766,0.007754757840921754
default_objective,safety,classic,None,13,0.00784976552127508,0.011648176978765476,0.010896210342749766,0.007754757840921754
default_objective,safety,classic,None,14,0.00784976552127508,0.011648176978765476,0.01050084151546242,0.007745086328958236
default_objective,safety,classic,None,15,0.00784976552127508,0.011648176978765476,0.01050084151546242,0.007703794227004787
default_objective,safety,classic,None,16,0.00784976552127508,0.011648176978765476,0.01050084151546242,0.007664669597498107
default_objective,safety,classic,None,17,0.00784976552127508,0.011648176978765476,0.01050084151546242,0.007506044007153406
default_objective,safety,classic,None,18,0.00784976552127508,0.011648176978765476,0.01050084151546242,0.007506044007153406
default_objective,safety,classic,None,19,0.00784976552127508,0.011648176978765476,0.01050084151546242,0.007447695617329749
default_objective,safety,classic,None,20,0.00784976552127508,0.011648176978765476,0.01050084151546242,0.007447695617329749
default_objective,safety,classic,None,21,0.00784976552127508,0.011564607930666142,0.01050084151546242,0.007427505462633817
default_objective,safety,classic,None,22,0.00784976552127508,0.011564607930666142,0.01050084151546242,0.007406304650276855
default_objective,safety,classic,None,23,0.00784976552127508,0.011564607930666142,0.01050084151546242,0.007380325723414168
default_objective,safety,classic,None,24,0.00784976552127508,0.01125307466589891,0.01050084151546242,0.007380325723414168
default_objective,safety,classic,None,25,0.00784976552127508,0.01125307466589891,0.009364105867786432,0.007377242639731884
default_objective,safety,classic,None,26,0.00784976552127508,0.010318240128333071,0.008335725356271527,0.007339901611643378
default_objective,safety,classic,None,27,0.007840811082864404,0.010318240128333071,0.008335725356271527,0.0072653780718921045
default_objective,safety,classic,None,28,0.007840811082864404,0.010318240128333071,0.008335725356271527,0.0072653780718921045
default_objective,safety,classic,None,29,0.007840811082864404,0.010318240128333071,0.008335725356271527,0.0072653780718921045
default_objective,safety,classic,None,30,0.007833753131219598,0.009282324044164592,0.008335725356271527,0.007208738593324786
default_objective,safety,classic,None,31,0.007833753131219598,0.009282324044164592,0.008335725356271527,0.007208738593324786
default_objective,safety,classic,None,32,0.007823416315453953,0.009261269942030676,0.008335725356271527,0.007208738593324786
default_objective,safety,classic,None,33,0.007823416315453953,0.008864207433680757,0.008335725356271527,0.007208738593324786
default_objective,safety,classic,None,34,0.007823416315453953,0.008864207433680757,0.008335725356271527,0.007208738593324786
default_objective,safety,classic,None,35,0.007823416315453953,0.008864207433680757,0.008335725356271527,0.007193653755224873
default_objective,safety,classic,None,36,0.007823416315453953,0.008864207433680757,0.008335725356271527,0.007193653755224873
default_objective,safety,classic,None,37,0.007585973694024495,0.008864207433680757,0.008335725356271527,0.007193653755224873
default_objective,safety,classic,None,38,0.007585973694024495,0.008864207433680757,0.008335725356271527,0.007177726166099136
default_objective,safety,classic,None,39,0.007585973694024495,0.008864207433680757,0.008335725356271527,0.007177726166099136
default_objective,safety,classic,None,40,0.007585973694024495,0.008864207433680757,0.008335725356271527,0.007173588076272107
default_objective,safety,classic,None,41,0.007585973694024495,0.008864207433680757,0.008335725356271527,0.007165008993705269
default_objective,safety,classic,None,42,0.007585973694024495,0.008864207433680757,0.008335725356271527,0.007157554977105035
default_objective,safety,classic,None,43,0.007585973694024495,0.008864207433680757,0.008335725356271527,0.007155905128321355
default_objective,safety,classic,None,44,0.007585973694024495,0.008864207433680757,0.008335725356271527,0.007144585842215272
default_objective,safety,classic,None,45,0.007585973694024495,0.008864207433680757,0.008335725356271527,0.007139984996105471
default_objective,safety,classic,None,46,0.007585973694024495,0.008864207433680757,0.008335725356271527,0.007139984996105471
default_objective,safety,classic,None,47,0.007585973694024495,0.008864207433680757,0.008250096386147038,0.007139914867926907
default_objective,safety,classic,None,48,0.007585973694024495,0.008864207433680757,0.008250096386147038,0.007137311504236172
default_objective,safety,classic,None,49,0.007585973694024495,0.008864207433680757,0.008250096386147038,0.007135376905101515
default_objective,safety,classic,None,50,0.007585973694024495,0.008247686799146853,0.008250096386147038,0.007135376905101515
default_objective,safety,classic,None,51,0.007585973694024495,0.008247686799146853,0.008250096386147038,0.007135376905101515
default_objective,safety,classic,None,52,0.007585973694024495,0.008247686799146853,0.008250096386147038,0.007135376905101515
default_objective,safety,classic,None,53,0.007585973694024495,0.008247686799146853,0.008250096386147038,0.007135376905101515
default_objective,safety,classic,None,54,0.007585973694024495,0.008247686799146853,0.008250096386147038,0.007135376905101515
default_objective,safety,classic,None,55,0.007585973694024495,0.008247686799146853,0.008250096386147038,0.007135376905101515
default_objective,safety,classic,None,56,0.007585973694024495,0.008247686799146853,0.008250096386147038,0.007135376905101515
default_objective,safety,classic,None,57,0.007585973694024495,0.008247686799146853,0.008250096386147038,0.007135376905101515
default_objective,safety,classic,None,58,0.007585973694024495,0.008247686799146853,0.008250096386147038,0.007135376905101515
default_objective,safety,classic,None,59,0.007585973694024495,0.008247686799146853,0.008250096386147038,0.007135376905101515
default_objective,safety,classic,None,60,0.007585973694024495,0.008247686799146853,0.008250096386147038,0.007135376905101515
default_objective,safety,classic,None,61,0.007585973694024495,0.008247686799146853,0.008250096386147038,0.007135376905101515
default_objective,safety,classic,None,62,0.007585973694024495,0.008247686799146853,0.008250096386147038,0.007135376905101515
default_objective,safety,classic,None,63,0.007585973694024495,0.008247686799146853,0.008250096386147038,0.007135376905101515
default_objective,safety,classic,None,64,0.007585973694024495,0.008247686799146853,0.008250096386147038,0.007135376905101515
default_objective,safety,classic,None,65,0.007585973694024495,0.008247686799146853,0.008250096386147038,0.007135376905101515
default_objective,safety,classic,None,66,0.007585973694024495,0.008247686799146853,0.008250096386147038,0.007135376905101515
default_objective,safety,classic,None,67,0.007585973694024495,0.008247686799146853,0.008250096386147038,0.007135376905101515
default_objective,safety,classic,None,68,0.007585973694024495,0.008247686799146853,0.008250096386147038,0.007135376905101515
default_objective,safety,classic,None,69,0.007585973694024495,0.008247686799146853,0.008250096386147038,0.007135376905101515
default_objective,safety,classic,None,70,0.007585973694024495,0.008247686799146853,0.008250096386147038,0.007135376905101515
default_objective,safety,classic,None,71,0.007585973694024495,0.008247686799146853,0.008250096386147038,0.007135376905101515
default_objective,safety,classic,None,72,0.007585973694024495,0.008247686799146853,0.008250096386147038,0.007135376905101515
default_objective,safety,classic,None,73,0.007585973694024495,0.008247686799146853,0.008250096386147038,0.007135376905101515
default_objective,safety,classic,None,74,0.007585973694024495,0.008247686799146853,0.008250096386147038,0.007135376905101515
default_objective,safety,classic,None,75,0.007585973694024495,0.008247686799146853,0.008250096386147038,0.007135376905101515
default_objective,safety,classic,step,1,0.008565236577879136,0.014959366300748768,0.05147706408110596,0.008272651802584272
default_objective,safety,classic,step,2,0.008515237495924612,0.014959366300748768,0.05147706408110596,0.008234088005839031
default_objective,safety,classic,step,3,0.008167256613044169,0.011301279893231589,0.033914869940079084,0.008152740586619451
default_objective,safety,classic,step,4,0.008109318227137697,0.008956897538778966,0.012255343603489248,0.008152740586619451
default_objective,safety,classic,step,5,0.008109318227137697,0.008956897538778966,0.012255343603489248,0.00804500443126836
default_objective,safety,classic,step,6,0.008100800836853732,0.008956897538778966,0.012255343603489248,0.00804500443126836
default_objective,safety,classic,step,7,0.008100800836853732,0.008956897538778966,0.012255343603489248,0.00804500443126836
default_objective,safety,classic,step,8,0.008100800836853732,0.008956897538778966,0.012255343603489248,0.007961467271169417
default_objective,safety,classic,step,9,0.008100800836853732,0.008956897538778966,0.012255343603489248,0.007928424235186741
default_objective,safety,classic,step,10,0.007901479685041143,0.008956897538778966,0.012255343603489248,0.007868221878448583
default_objective,safety,classic,step,11,0.007901479685041143,0.008956897538778966,0.012255343603489248,0.007708271704188855
default_objective,safety,classic,step,12,0.007901479685041143,0.008956897538778966,0.012255343603489248,0.007708271704188855
default_objective,safety,classic,step,13,0.00783525597500483,0.008956897538778966,0.010327993763378486,0.007708271704188855
default_objective,safety,classic,step,14,0.00783525597500483,0.008956897538778966,0.010327993763378486,0.007538343918032593
default_objective,safety,classic,step,15,0.00783525597500483,0.008956897538778966,0.010327993763378486,0.007538343918032593
default_objective,safety,classic,step,16,0.007803175954956143,0.008956897538778966,0.010327993763378486,0.007538343918032593
default_objective,safety,classic,step,17,0.007803175954956143,0.008956897538778966,0.010327993763378486,0.007493183690127424
default_objective,safety,classic,step,18,0.007803175954956143,0.008956897538778966,0.010327993763378486,0.007493183690127424
default_objective,safety,classic,step,19,0.007803175954956143,0.008956897538778966,0.010327993763378486,0.007493183690127424
default_objective,safety,classic,step,20,0.007803175954956143,0.008956897538778966,0.010327993763378486,0.007493183690127424
default_objective,safety,classic,step,21,0.007803175954956143,0.008956897538778966,0.010327993763378486,0.007463952972585227
default_objective,safety,classic,step,22,0.007803175954956143,0.008956897538778966,0.010327993763378486,0.007403240493904781
default_objective,safety,classic,step,23,0.007803175954956143,0.008956897538778966,0.010327993763378486,0.007403240493904781
default_objective,safety,classic,step,24,0.007803175954956143,0.008956897538778966,0.010327993763378486,0.007382989154037821
default_objective,safety,classic,step,25,0.007803175954956143,0.008956897538778966,0.010327993763378486,0.007303182337147046
default_objective,safety,classic,step,26,0.007803175954956143,0.008956897538778966,0.010327993763378486,0.0072074932780508425
default_objective,safety,classic,step,27,0.007803175954956143,0.008956897538778966,0.009672807899857224,0.0072074932780508425
default_objective,safety,classic,step,28,0.007803175954956143,0.008956897538778966,0.009672807899857224,0.007162571856817337
default_objective,safety,classic,step,29,0.007803175954956143,0.008709531503775103,0.008933678844543828,0.007162571856817337
default_objective,safety,classic,step,30,0.007803175954956143,0.008709531503775103,0.008933678844543828,0.007120278661211184
default_objective,safety,classic,step,31,0.007803175954956143,0.008709531503775103,0.008933678844543828,0.0070283499121378875
default_objective,safety,classic,step,32,0.007803175954956143,0.008709531503775103,0.008933678844543828,0.007014957425017048
default_objective,safety,classic,step,33,0.007803175954956143,0.008709531503775103,0.008933678844543828,0.007001773084423712
default_objective,safety,classic,step,34,0.007803175954956143,0.008709531503775103,0.008933678844543828,0.007001773084423712
default_objective,safety,classic,step,35,0.007803175954956143,0.008709531503775103,0.008933678844543828,0.007001773084423712
default_objective,safety,classic,step,36,0.007803175954956143,0.008709531503775103,0.008933678844543828,0.006990924922189013
default_objective,safety,classic,step,37,0.007803175954956143,0.008709531503775103,0.008933678844543828,0.006990924922189013
default_objective,safety,classic,step,38,0.007803175954956143,0.008709531503775103,0.008933678844543828,0.006978336101694577
default_objective,safety,classic,step,39,0.007803175954956143,0.008709531503775103,0.008933678844543828,0.006975512631705622
default_objective,safety,classic,step,40,0.007803175954956143,0.008709531503775103,0.008933678844543828,0.006968330930261852
default_objective,safety,classic,step,41,0.007803175954956143,0.008709531503775103,0.008933678844543828,0.006952257976753751
default_objective,safety,classic,step,42,0.007803175954956143,0.008709531503775103,0.008933678844543828,0.006951811161706997
default_objective,safety,classic,step,43,0.007803175954956143,0.008709531503775103,0.008933678844543828,0.006940836211557209
default_objective,safety,classic,step,44,0.007803175954956143,0.008709531503775103,0.008933678844543828,0.006930144150063333
default_objective,safety,classic,step,45,0.007803175954956143,0.008575097212958809,0.008933678844543828,0.006930144150063333
default_objective,safety,classic,step,46,0.007803175954956143,0.008575097212958809,0.008933678844543828,0.006930144150063333
default_objective,safety,classic,step,47,0.007803175954956143,0.008575097212958809,0.008933678844543828,0.006930144150063333
default_objective,safety,classic,step,48,0.007803175954956143,0.008575097212958809,0.008933678844543828,0.006930144150063333
default_objective,safety,classic,step,49,0.007803175954956143,0.008575097212958809,0.008933678844543828,0.006929310238160228
default_objective,safety,classic,step,50,0.007803175954956143,0.008575097212958809,0.008933678844543828,0.0069292473558276195
default_objective,safety,classic,step,51,0.007803175954956143,0.008575097212958809,0.008933678844543828,0.0069292473558276195
default_objective,safety,classic,step,52,0.007803175954956143,0.008575097212958809,0.008933678844543828,0.0069292473558276195
default_objective,safety,classic,step,53,0.007803175954956143,0.008575097212958809,0.008933678844543828,0.0069292473558276195
default_objective,safety,classic,step,54,0.007803175954956143,0.008575097212958809,0.008933678844543828,0.0069292473558276195
default_objective,safety,classic,step,55,0.007803175954956143,0.008575097212958809,0.008933678844543828,0.0069292473558276195
default_objective,safety,classic,step,56,0.007803175954956143,0.008575097212958809,0.008933678844543828,0.0069292473558276195
default_objective,safety,classic,step,57,0.007803175954956143,0.008575097212958809,0.008933678844543828,0.0069292473558276195
default_objective,safety,classic,step,58,0.007803175954956143,0.008575097212958809,0.008933678844543828,0.0069292473558276195
default_objective,safety,classic,step,59,0.007803175954956143,0.008575097212958809,0.008933678844543828,0.0069292473558276195
default_objective,safety,classic,step,60,0.007803175954956143,0.008449108746047537,0.008933678844543828,0.0069292473558276195
default_objective,safety,classic,step,61,0.007803175954956143,0.008449108746047537,0.008933678844543828,0.0069292473558276195
default_objective,safety,classic,step,62,0.007803175954956143,0.008449108746047537,0.008933678844543828,0.0069292473558276195
default_objective,safety,classic,step,63,0.007803175954956143,0.008449108746047537,0.008933678844543828,0.0069292473558276195
default_objective,safety,classic,step,64,0.007803175954956143,0.008449108746047537,0.008933678844543828,0.0069292473558276195
default_objective,safety,classic,step,65,0.007803175954956143,0.008449108746047537,0.008933678844543828,0.0069292473558276195
default_objective,safety,classic,step,66,0.007803175954956143,0.008449108746047537,0.008933678844543828,0.0069292473558276195
default_objective,safety,classic,step,67,0.007803175954956143,0.008449108746047537,0.008933678844543828,0.0069292473558276195
default_objective,safety,classic,step,68,0.007803175954956143,0.008449108746047537,0.008933678844543828,0.0069292473558276195
default_objective,safety,classic,step,69,0.007803175954956143,0.008449108746047537,0.008933678844543828,0.0069292473558276195
default_objective,safety,classic,step,70,0.007803175954956143,0.008449108746047537,0.008933678844543828,0.0069292473558276195
default_objective,safety,classic,step,71,0.007803175954956143,0.008449108746047537,0.008933678844543828,0.0069292473558276195
default_objective,safety,classic,step,72,0.007803175954956143,0.008449108746047537,0.008933678844543828,0.0069292473558276195
default_objective,safety,classic,step,73,0.007803175954956143,0.008449108746047537,0.008933678844543828,0.0069292473558276195
default_objective,safety,classic,step,74,0.007803175954956143,0.008449108746047537,0.008933678844543828,0.0069292473558276195
default_objective,safety,classic,step,75,0.007803175954956143,0.008449108746047537,0.008933678844543828,0.0069292473558276195
time_domain_objective,balanced,classic,None,1,0.39793014026103857,0.6619815378140221,0.7716591832640641,0.3526458287675264
time_domain_objective,balanced,classic,None,2,0.38993671222726145,0.6619815378140221,0.6852661429136424,0.3000861179829565
time_domain_objective,balanced,classic,None,3,0.334702512864848,0.6619815378140221,0.6852661429136424,0.2846125758473126
time_domain_objective,balanced,classic,None,4,0.334702512864848,0.3978449323449289,0.4725057373657568,0.28260347334392094
time_domain_objective,balanced,classic,None,5,0.30205742244833234,0.3978449323449289,0.4725057373657568,0.2812090638004794
time_domain_objective,balanced,classic,None,6,0.30205742244833234,0.3978449323449289,0.4725057373657568,0.2812051377669864
time_domain_objective,balanced,classic,None,7,0.30205742244833234,0.3978449323449289,0.4725057373657568,0.2812020890271687
time_domain_objective,balanced,classic,None,8,0.30205742244833234,0.3978449323449289,0.4725057373657568,0.2811948964611318
time_domain_objective,balanced,classic,None,9,0.30205742244833234,0.3978449323449289,0.4725057373657568,0.2811948964611318
time_domain_objective,balanced,classic,None,10,0.30205742244833234,0.3978449323449289,0.4725057373657568,0.2811938507874776
time_domain_objective,balanced,classic,None,11,0.30205742244833234,0.3978449323449289,0.4725057373657568,0.2811933067025379
time_domain_objective,balanced,classic,None,12,0.30205742244833234,0.3978449323449289,0.4725057373657568,0.2811933067025379
time_domain_objective,balanced,classic,None,13,0.30205742244833234,0.3978449323449289,0.4725057373657568,0.28119056084913613
time_domain_objective,balanced,classic,None,14,0.30205742244833234,0.3978449323449289,0.4725057373657568,0.28119056084913613
time_domain_objective,balanced,classic,None,15,0.30205742244833234,0.3978449323449289,0.4725057373657568,0.28119056084913613
time_domain_objective,balanced,classic,None,16,0.30205742244833234,0.3978449323449289,0.4725057373657568,0.2811896481592893
time_domain_objective,balanced,classic,None,17,0.30205742244833234,0.3978449323449289,0.4725057373657568,0.2811896481592893
time_domain_objective,balanced,classic,None,18,0.30205742244833234,0.3978449323449289,0.4725057373657568,0.2811896481592893
time_domain_objective,balanced,classic,None,19,0.30205742244833234,0.2835548410440949,0.4725057373657568,0.2811896481592893
time_domain_objective,balanced,classic,None,20,0.30205742244833234,0.2835548410440949,0.4725057373657568,0.2811896481592893
time_domain_objective,balanced,classic,None,21,0.30205742244833234,0.2835548410440949,0.4725057373657568,0.2811896481592893
time_domain_objective,balanced,classic,None,22,0.30205742244833234,0.2835548410440949,0.4725057373657568,0.2811896481592893
time_domain_objective,balanced,classic,None,23,0.30205742244833234,0.2835548410440949,0.4725057373657568,0.2811896481592893
time_domain_objective,balanced,classic,None,24,0.30205742244833234,0.2835548410440949,0.4725057373657568,0.2811896481592893
time_domain_objective,balanced,classic,None,25,0.30205742244833234,0.2835548410440949,0.4725057373657568,0.2811896481592893
time_domain_objective,balanced,classic,None,26,0.30205742244833234,0.2835548410440949,0.4725057373657568,0.2811896481592893
time_domain_objective,balanced,classic,None,27,0.30205742244833234,0.2835548410440949,0.4725057373657568,0.2811896481592893
time_domain_objective,balanced,classic,None,28,0.30205742244833234,0.2835548410440949,0.4725057373657568,0.2811896481592893
time_domain_objective,balanced,classic,None,29,0.30205742244833234,0.2835548410440949,0.4725057373657568,0.2811896481592893
time_domain_objective,balanced,classic,None,30,0.30205742244833234,0.2835548410440949,0.4725057373657568,0.2811896481592893
time_domain_objective,balanced,classic,None,31,0.29121567991553404,0.2835548410440949,0.4725057373657568,0.2811896481592893
time_domain_objective,balanced,classic,None,32,0.29121567991553404,0.2835548410440949,0.4725057373657568,0.2811896481592893
time_domain_objective,balanced,classic,None,33,0.29121567991553404,0.2835548410440949,0.4725057373657568,0.2811896481592893
time_domain_objective,balanced,classic,None,34,0.29121567991553404,0.2835548410440949,0.4725057373657568,0.2811896481592893
time_domain_objective,balanced,classic,None,35,0.29121567991553404,0.2835548410440949,0.4725057373657568,0.2811896481592893
time_domain_objective,balanced,classic,None,36,0.29121567991553404,0.2835548410440949,0.4725057373657568,0.2811896481592893
time_domain_objective,balanced,classic,None,37,0.29121567991553404,0.2835548410440949,0.4725057373657568,0.2811896481592893
time_domain_objective,balanced,classic,None,38,0.29121567991553404,0.2835548410440949,0.4725057373657568,0.2811896481592893
time_domain_objective,balanced,classic,None,39,0.29121567991553404,0.2835548410440949,0.4725057373657568,0.2811896365688235
time_domain_objective,balanced,classic,None,40,0.29121567991553404,0.2835548410440949,0.4725057373657568,0.2811896047079473
time_domain_objective,balanced,classic,None,41,0.29121567991553404,0.2835548410440949,0.4725057373657568,0.2811896047079473
time_domain_objective,balanced,classic,None,42,0.29121567991553404,0.2835548410440949,0.4725057373657568,0.2811896047079473
time_domain_objective,balanced,classic,None,43,0.29121567991553404,0.2835548410440949,0.4725057373657568,0.2811896047079473
time_domain_objective,balanced,classic,None,44,0.29121567991553404,0.2835548410440949,0.4725057373657568,0.2811896047079473
time_domain_objective,balanced,classic,None,45,0.29121567991553404,0.2835548410440949,0.4725057373657568,0.2811896047079473
time_domain_objective,balanced,classic,None,46,0.29121567991553404,0.2835548410440949,0.4725057373657568,0.2811896047079473
time_domain_objective,balanced,classic,None,47,0.29121567991553404,0.2835548410440949,0.4725057373657568,0.2811896047079473
time_domain_objective,balanced,classic,None,48,0.29121567991553404,0.2835548410440949,0.4725057373657568,0.2811896047079473
time_domain_objective,balanced,classic,None,49,0.29121567991553404,0.2835548410440949,0.4725057373657568,0.2811895958196237
time_domain_objective,balanced,classic,None,50,0.29121567991553404,0.2835548410440949,0.4725057373657568,0.2811895958196237
time_domain_objective,balanced,classic,None,51,0.29121567991553404,0.2835548410440949,0.4725057373657568,0.2811895958196237
time_domain_objective,balanced,classic,None,52,0.29121567991553404,0.2835548410440949,0.4725057373657568,0.2811895958196237
time_domain_objective,balanced,classic,None,53,0.29121567991553404,0.2835548410440949,0.4725057373657568,0.2811895958196237
time_domain_objective,balanced,classic,None,54,0.29121567991553404,0.2835548410440949,0.4725057373657568,0.2811895958196237
time_domain_objective,balanced,classic,None,55,0.29121567991553404,0.2835548410440949,0.4725057373657568,0.2811895958196237
time_domain_objective,balanced,classic,None,56,0.29121567991553404,0.2835548410440949,0.4725057373657568,0.2811895958196237
time_domain_objective,balanced,classic,None,57,0.29121567991553404,0.2835548410440949,0.4725057373657568,0.2811895958196237
time_domain_objective,balanced,classic,None,58,0.29121567991553404,0.2835548410440949,0.4725057373657568,0.2811895958196237
time_domain_objective,balanced,classic,None,59,0.29121567991553404,0.2835548410440949,0.4725057373657568,0.2811895958196237
time_domain_objective,balanced,classic,None,60,0.29121567991553404,0.2835548410440949,0.4725057373657568,0.2811895958196237
time_domain_objective,balanced,classic,None,61,0.29121567991553404,0.2835548410440949,0.4725057373657568,0.2811895958196237
time_domain_objective,balanced,classic,None,62,0.29121567991553404,0.2835548410440949,0.4725057373657568,0.2811895958196237
time_domain_objective,balanced,classic,None,63,0.29121567991553404,0.2835548410440949,0.4725057373657568,0.2811895958196237
time_domain_objective,balanced,classic,None,64,0.29121567991553404,0.2835548410440949,0.4725057373657568,0.2811895958196237
time_domain_objective,balanced,classic,None,65,0.29121567991553404,0.2835548410440949,0.4725057373657568,0.2811895958196237
time_domain_objective,balanced,classic,None,66,0.29121567991553404,0.2835548410440949,0.4725057373657568,0.2811895958196237
time_domain_objective,balanced,classic,None,67,0.29121567991553404,0.2835548410440949,0.4725057373657568,0.2811895958196237
time_domain_objective,balanced,classic,None,68,0.29121567991553404,0.2835548410440949,0.4725057373657568,0.2811895958196237
time_domain_objective,balanced,classic,None,69,0.29121567991553404,0.2835548410440949,0.4725057373657568,0.2811895958196237
time_domain_objective,balanced,classic,None,70,0.29121567991553404,0.2835548410440949,0.4725057373657568,0.2811895958196237
time_domain_objective,balanced,classic,None,71,0.29121567991553404,0.2835548410440949,0.4725057373657568,0.2811895958196237
time_domain_objective,balanced,classic,None,72,0.29121567991553404,0.2835548410440949,0.4725057373657568,0.2811895958196237
time_domain_objective,balanced,classic,None,73,0.29121567991553404,0.2835548410440949,0.4725057373657568,0.2811895958196237
time_domain_objective,balanced,classic,None,74,0.29121567991553404,0.2835548410440949,0.4725057373657568,0.2811895958196237
time_domain_objective,balanced,classic,None,75,0.29121567991553404,0.2835548410440949,0.4725057373657568,0.2811895958196237
time_domain_objective,balanced,classic,step,1,0.4830123014159395,0.9783150026555938,0.8154860430559951,0.31639073684719005
time_domain_objective,balanced,classic,step,2,0.2891825920309127,0.8959023472065728,0.5373972221926833,0.29885672430140414
time_domain_objective,balanced,classic,step,3,0.2891825920309127,0.641717089561199,0.5373972221926833,0.28356698334942193
time_domain_objective,balanced,classic,step,4,0.2891825920309127,0.641717089561199,0.4004622574684914,0.282425231076565
time_domain_objective,balanced,classic,step,5,0.2891825920309127,0.5654268552514897,0.4004622574684914,0.28194341739489814
time_domain_objective,balanced,classic,step,6,0.2891825920309127,0.555937425912114,0.4004622574684914,0.28158893981932304
time_domain_objective,balanced,classic,step,7,0.2891825920309127,0.555937425912114,0.4004622574684914,0.2811915376503127
time_domain_objective,balanced,classic,step,8,0.2891825920309127,0.555937425912114,0.4004622574684914,0.2811915376503127
time_domain_objective,balanced,classic,step,9,0.2891825920309127,0.32897233959040895,0.4004622574684914,0.2811915376503127
time_domain_objective,balanced,classic,step,10,0.2891825920309127,0.32897233959040895,0.4004622574684914,0.2811915376503127
time_domain_objective,balanced,classic,step,11,0.2891825920309127,0.32897233959040895,0.4004622574684914,0.2811891661740845
time_domain_objective,balanced,classic,step,12,0.2891825920309127,0.32897233959040895,0.4004622574684914,0.28118496575099006
time_domain_objective,balanced,classic,step,13,0.2891825920309127,0.32897233959040895,0.4004622574684914,0.28118496575099006
time_domain_objective,balanced,classic,step,14,0.2891825920309127,0.32897233959040895,0.4004622574684914,0.28118496575099006
time_domain_objective,balanced,classic,step,15,0.2891825920309127,0.32897233959040895,0.4004622574684914,0.28118496575099006
time_domain_objective,balanced,classic,step,16,0.2891825920309127,0.32897233959040895,0.4004622574684914,0.28118496575099006
time_domain_objective,balanced,classic,step,17,0.2891825920309127,0.32897233959040895,0.4004622574684914,0.28118496575099006
time_domain_objective,balanced,classic,step,18,0.2891825920309127,0.32897233959040895,0.4004622574684914,0.28118496575099006
time_domain_objective,balanced,classic,step,19,0.2891825920309127,0.32897233959040895,0.4004622574684914,0.28118496575099006
time_domain_objective,balanced,classic,step,20,0.2891825920309127,0.32897233959040895,0.4004622574684914,0.28118496575099006
time_domain_objective,balanced,classic,step,21,0.2891825920309127,0.32897233959040895,0.4004622574684914,0.28118496575099006
time_domain_objective,balanced,classic,step,22,0.2891825920309127,0.32897233959040895,0.4004622574684914,0.2811843020066823
time_domain_objective,balanced,classic,step,23,0.2891825920309127,0.32897233959040895,0.4004622574684914,0.2811843020066823
time_domain_objective,balanced,classic,step,24,0.2891825920309127,0.32897233959040895,0.4004622574684914,0.28118411812038385
time_domain_objective,balanced,classic,step,25,0.2891825920309127,0.32897233959040895,0.4004622574684914,0.28118411812038385
time_domain_objective,balanced,classic,step,26,0.2891825920309127,0.32897233959040895,0.4004622574684914,0.28118367533213295
time_domain_objective,balanced,classic,step,27,0.2891825920309127,0.32897233959040895,0.4004622574684914,0.2811825650027969
time_domain_objective,balanced,classic,step,28,0.2891825920309127,0.32897233959040895,0.4004622574684914,0.28118252103029856
time_domain_objective,balanced,classic,step,29,0.2891825920309127,0.32897233959040895,0.4004622574684914,0.2811824287995661
time_domain_objective,balanced,classic,step,30,0.2891825920309127,0.32897233959040895,0.4004622574684914,0.2811824287995661
time_domain_objective,balanced,classic,step,31,0.2891825920309127,0.32897233959040895,0.4004622574684914,0.28118226441300076
time_domain_objective,balanced,classic,step,32,0.2891825920309127,0.32897233959040895,0.4004622574684914,0.28118226441300076
time_domain_objective,balanced,classic,step,33,0.2891825920309127,0.32897233959040895,0.4004622574684914,0.28118226441300076
time_domain_objective,balanced,classic,step,34,0.2891825920309127,0.32897233959040895,0.4004622574684914,0.28118226441300076
time_domain_objective,balanced,classic,step,35,0.2891825920309127,0.32897233959040895,0.4004622574684914,0.28118226441300076
time_domain_objective,balanced,classic,step,36,0.2891825920309127,0.28634838362381604,0.4004622574684914,0.28118222939061027
time_domain_objective,balanced,classic,step,37,0.2891825920309127,0.28634838362381604,0.4004622574684914,0.28118222939061027
time_domain_objective,balanced,classic,step,38,0.2891825920309127,0.28634838362381604,0.4004622574684914,0.28118222939061027
time_domain_objective,balanced,classic,step,39,0.2891825920309127,0.28634838362381604,0.4004622574684914,0.28118222939061027
time_domain_objective,balanced,classic,step,40,0.2891825920309127,0.28634838362381604,0.4004622574684914,0.28118222939061027
time_domain_objective,balanced,classic,step,41,0.2891825920309127,0.28634838362381604,0.4004622574684914,0.28118222939061027
time_domain_objective,balanced,classic,step,42,0.2891825920309127,0.28634838362381604,0.4004622574684914,0.28118222939061027
time_domain_objective,balanced,classic,step,43,0.2891825920309127,0.28634838362381604,0.4004622574684914,0.2811821577468994
time_domain_objective,balanced,classic,step,44,0.2891825920309127,0.28634838362381604,0.4004622574684914,0.2811821351561792
time_domain_objective,balanced,classic,step,45,0.2891825920309127,0.28634838362381604,0.4004622574684914,0.28118199825994367
time_domain_objective,balanced,classic,step,46,0.2891825920309127,0.28634838362381604,0.4004622574684914,0.28118199825994367
time_domain_objective,balanced,classic,step,47,0.2891825920309127,0.28634838362381604,0.4004622574684914,0.28118199825994367
time_domain_objective,balanced,classic,step,48,0.2891825920309127,0.28634838362381604,0.4004622574684914,0.28118199825994367
time_domain_objective,balanced,classic,step,49,0.2891825920309127,0.28634838362381604,0.4004622574684914,0.28118199825994367
time_domain_objective,balanced,classic,step,50,0.2891825920309127,0.28634838362381604,0.4004622574684914,0.28118199825994367
time_domain_objective,balanced,classic,step,51,0.2891825920309127,0.28634838362381604,0.4004622574684914,0.28118199825994367
time_domain_objective,balanced,classic,step,52,0.2891825920309127,0.28634838362381604,0.4004622574684914,0.28118199825994367
time_domain_objective,balanced,classic,step,53,0.2891825920309127,0.28634838362381604,0.4004622574684914,0.28118199825994367
time_domain_objective,balanced,classic,step,54,0.2891825920309127,0.28634838362381604,0.4004622574684914,0.28118199825994367
time_domain_objective,balanced,classic,step,55,0.2891825920309127,0.28634838362381604,0.4004622574684914,0.28118199825994367
time_domain_objective,balanced,classic,step,56,0.2891825920309127,0.28634838362381604,0.4004622574684914,0.28118199825994367
time_domain_objective,balanced,classic,step,57,0.2891825920309127,0.28634838362381604,0.4004622574684914,0.28118199825994367
time_domain_objective,balanced,classic,step,58,0.2891825920309127,0.28634838362381604,0.4004622574684914,0.28118199825994367
time_domain_objective,balanced,classic,step,59,0.2891825920309127,0.28634838362381604,0.4004622574684914,0.28118199825994367
time_domain_objective,balanced,classic,step,60,0.2891825920309127,0.28634838362381604,0.4004622574684914,0.28118199825994367
time_domain_objective,balanced,classic,step,61,0.2891825920309127,0.28634838362381604,0.4004622574684914,0.28118199825994367
time_domain_objective,balanced,classic,step,62,0.2891825920309127,0.28634838362381604,0.4004622574684914,0.28118199825994367
time_domain_objective,balanced,classic,step,63,0.2891825920309127,0.28634838362381604,0.4004622574684914,0.28118199825994367
time_domain_objective,balanced,classic,step,64,0.2891825920309127,0.28634838362381604,0.4004622574684914,0.28118199825994367
time_domain_objective,balanced,classic,step,65,0.2891825920309127,0.28634838362381604,0.4004622574684914,0.28118199825994367
time_domain_objective,balanced,classic,step,66,0.2891825920309127,0.28634838362381604,0.4004622574684914,0.28118199825994367
time_domain_objective,balanced,classic,step,67,0.2891825920309127,0.28634838362381604,0.4004622574684914,0.28118199825994367
time_domain_objective,balanced,classic,step,68,0.2891825920309127,0.28634838362381604,0.4004622574684914,0.28118199825994367
time_domain_objective,balanced,classic,step,69,0.2891825920309127,0.28634838362381604,0.4004622574684914,0.28118199825994367
time_domain_objective,balanced,classic,step,70,0.2891825920309127,0.28634838362381604,0.4004622574684914,0.28118199825994367
time_domain_objective,balanced,classic,step,71,0.2891825920309127,0.28634838362381604,0.4004622574684914,0.28118199825994367
time_domain_objective,balanced,classic,step,72,0.2891825920309127,0.28634838362381604,0.4004622574684914,0.28118199825994367
time_domain_objective,balanced,classic,step,73,0.2891825920309127,0.28634838362381604,0.4004622574684914,0.28118199825994367
time_domain_objective,balanced,classic,step,74,0.2891825920309127,0.28634838362381604,0.4004622574684914,0.28118199825994367
time_domain_objective,balanced,classic,step,75,0.2891825920309127,0.28634838362381604,0.4004622574684914,0.28118199825994367
time_domain_objective,aggressive,classic,None,1,0.7230053471279118,2.1556560618001464,1.5234220170913078,0.4554216005359789
time_domain_objective,aggressive,classic,None,2,0.6890171442535847,1.5866936255280075,0.7239109131894328,0.32743189122013594
time_domain_objective,aggressive,classic,None,3,0.6890171442535847,0.9474429446764105,0.7239109131894328,0.31887088263407765
time_domain_objective,aggressive,classic,None,4,0.6775337457990285,0.9474429446764105,0.7239109131894328,0.28197385336416914
time_domain_objective,aggressive,classic,None,5,0.6118172161897393,0.9474429446764105,0.7239109131894328,0.2744692528758069
time_domain_objective,aggressive,classic,None,6,0.5909900788462502,0.9474429446764105,0.7239109131894328,0.273512816095996
time_domain_objective,aggressive,classic,None,7,0.5764704365452273,0.9474429446764105,0.7239109131894328,0.27099431763951526
time_domain_objective,aggressive,classic,None,8,0.5692905142897187,0.8649470016360344,0.6692981291443054,0.270903822933115
time_domain_objective,aggressive,classic,None,9,0.5633982488829448,0.8649470016360344,0.6692981291443054,0.27084322309513675
time_domain_objective,aggressive,classic,None,10,0.5587716162592856,0.8649470016360344,0.6692981291443054,0.2707900108713135
time_domain_objective,aggressive,classic,None,11,0.5454694035743614,0.8649470016360344,0.6692981291443054,0.2707900108713135
time_domain_objective,aggressive,classic,None,12,0.3854530023297727,0.8649470016360344,0.6692981291443054,0.2707892425016925
time_domain_objective,aggressive,classic,None,13,0.3854530023297727,0.8649470016360344,0.6692981291443054,0.2695923426050962
time_domain_objective,aggressive,classic,None,14,0.3854530023297727,0.8649470016360344,0.6692981291443054,0.26959056084913613
time_domain_objective,aggressive,classic,None,15,0.3854530023297727,0.8649470016360344,0.6692981291443054,0.26959056084913613
time_domain_objective,aggressive,classic,None,16,0.3854530023297727,0.8649470016360344,0.6692981291443054,0.26959056084913613
time_domain_objective,aggressive,classic,None,17,0.3854530023297727,0.8649470016360344,0.6692981291443054,0.26959056084913613
time_domain_objective,aggressive,classic,None,18,0.3854530023297727,0.8649470016360344,0.6692981291443054,0.26958995696321564
time_domain_objective,aggressive,classic,None,19,0.3854530023297727,0.8151132820441588,0.6692981291443054,0.26958995696321564
time_domain_objective,aggressive,classic,None,20,0.3854530023297727,0.8151132820441588,0.6692981291443054,0.26958995696321564
time_domain_objective,aggressive,classic,None,21,0.3854530023297727,0.8151132820441588,0.6692981291443054,0.26958995696321564
time_domain_objective,aggressive,classic,None,22,0.3854530023297727,0.8151132820441588,0.6692981291443054,0.26958995696321564
time_domain_objective,aggressive,classic,None,23,0.3854530023297727,0.8151132820441588,0.6692981291443054,0.2695895977874796
time_domain_objective,aggressive,classic,None,24,0.3854530023297727,0.8151132820441588,0.6692981291443054,0.2695895977874796
time_domain_objective,aggressive,classic,None,25,0.3854530023297727,0.8151132820441588,0.6692981291443054,0.2695895977874796
time_domain_objective,aggressive,classic,None,26,0.36236334174468654,0.8151132820441588,0.6692981291443054,0.2695895977874796
time_domain_objective,aggressive,classic,None,27,0.36236334174468654,0.8151132820441588,0.6692981291443054,0.2695895977874796
time_domain_objective,aggressive,classic,None,28,0.36236334174468654,0.3845435788501465,0.6692981291443054,0.2695895977874796
time_domain_objective,aggressive,classic,None,29,0.36236334174468654,0.32530929454753954,0.6692981291443054,0.2695895977874796
time_domain_objective,aggressive,classic,None,30,0.36236334174468654,0.32530929454753954,0.6692981291443054,0.2695895977874796
time_domain_objective,aggressive,classic,None,31,0.36236334174468654,0.32530929454753954,0.6692981291443054,0.2695895977874796
time_domain_objective,aggressive,classic,None,32,0.36236334174468654,0.32530929454753954,0.6692981291443054,0.2695895977874796
time_domain_objective,aggressive,classic,None,33,0.36236334174468654,0.32530929454753954,0.6692981291443054,0.2695895977874796
time_domain_objective,aggressive,classic,None,34,0.36236334174468654,0.32530929454753954,0.6692981291443054,0.2695895977874796
time_domain_objective,aggressive,classic,None,35,0.36236334174468654,0.32530929454753954,0.6692981291443054,0.2695895977874796
time_domain_objective,aggressive,classic,None,36,0.36236334174468654,0.32530929454753954,0.6692981291443054,0.2695895977874796
time_domain_objective,aggressive,classic,None,37,0.36236334174468654,0.32530929454753954,0.6692981291443054,0.2695895977874796
time_domain_objective,aggressive,classic,None,38,0.35256583774055944,0.32530929454753954,0.6692981291443054,0.2695895977874796
time_domain_objective,aggressive,classic,None,39,0.35256583774055944,0.32530929454753954,0.6692981291443054,0.2695895977874796
time_domain_objective,aggressive,classic,None,40,0.35256583774055944,0.32530929454753954,0.6692981291443054,0.26958959579721
time_domain_objective,aggressive,classic,None,41,0.35256583774055944,0.32530929454753954,0.6692981291443054,0.26958959579721
time_domain_objective,aggressive,classic,None,42,0.35256583774055944,0.32530929454753954,0.6692981291443054,0.26958959579721
time_domain_objective,aggressive,classic,None,43,0.35256583774055944,0.32530929454753954,0.6692981291443054,0.26958959579721
time_domain_objective,aggressive,classic,None,44,0.35256583774055944,0.32530929454753954,0.6692981291443054,0.26958959579721
time_domain_objective,aggressive,classic,None,45,0.35256583774055944,0.32530929454753954,0.6692981291443054,0.26958959579721
time_domain_objective,aggressive,classic,None,46,0.30917642289652203,0.32530929454753954,0.6692981291443054,0.26958959579721
time_domain_objective,aggressive,classic,None,47,0.30917642289652203,0.32530929454753954,0.6692981291443054,0.26958959579721
time_domain_objective,aggressive,classic,None,48,0.30917642289652203,0.32530929454753954,0.6692981291443054,0.26958959579721
time_domain_objective,aggressive,classic,None,49,0.30917642289652203,0.32530929454753954,0.6692981291443054,0.2695895426554389
time_domain_objective,aggressive,classic,None,50,0.30917642289652203,0.32530929454753954,0.6692981291443054,0.2695895426554389
time_domain_objective,aggressive,classic,None,51,0.30917642289652203,0.32530929454753954,0.6692981291443054,0.2695895426554389
time_domain_objective,aggressive,classic,None,52,0.30917642289652203,0.32530929454753954,0.6692981291443054,0.2695895426554389
time_domain_objective,aggressive,classic,None,53,0.30917642289652203,0.32530929454753954,0.6692981291443054,0.2695895426554389
time_domain_objective,aggressive,classic,None,54,0.30917642289652203,0.32530929454753954,0.6692981291443054,0.2695895426554389
time_domain_objective,aggressive,classic,None,55,0.30917642289652203,0.32530929454753954,0.6692981291443054,0.2695895426554389
time_domain_objective,aggressive,classic,None,56,0.30917642289652203,0.32530929454753954,0.6692981291443054,0.2695895426554389
time_domain_objective,aggressive,classic,None,57,0.30917642289652203,0.32530929454753954,0.6692981291443054,0.2695895426554389
time_domain_objective,aggressive,classic,None,58,0.30917642289652203,0.32530929454753954,0.6692981291443054,0.2695895426554389
time_domain_objective,aggressive,classic,None,59,0.30917642289652203,0.32530929454753954,0.6692981291443054,0.2695895426554389
time_domain_objective,aggressive,classic,None,60,0.30917642289652203,0.32530929454753954,0.6692981291443054,0.2695895426554389
time_domain_objective,aggressive,classic,None,61,0.30917642289652203,0.32530929454753954,0.6692981291443054,0.2695895426554389
time_domain_objective,aggressive,classic,None,62,0.30917642289652203,0.32530929454753954,0.6692981291443054,0.2695895426554389
time_domain_objective,aggressive,classic,None,63,0.30917642289652203,0.32530929454753954,0.6692981291443054,0.2695895426554389
time_domain_objective,aggressive,classic,None,64,0.30917642289652203,0.32530929454753954,0.6692981291443054,0.2695895426554389
time_domain_objective,aggressive,classic,None,65,0.30917642289652203,0.32530929454753954,0.6692981291443054,0.2695895426554389
time_domain_objective,aggressive,classic,None,66,0.30917642289652203,0.32530929454753954,0.6692981291443054,0.2695895426554389
time_domain_objective,aggressive,classic,None,67,0.30917642289652203,0.32530929454753954,0.6692981291443054,0.2695895426554389
time_domain_objective,aggressive,classic,None,68,0.30917642289652203,0.32530929454753954,0.6692981291443054,0.2695895426554389
time_domain_objective,aggressive,classic,None,69,0.30917642289652203,0.32530929454753954,0.6692981291443054,0.2695895426554389
time_domain_objective,aggressive,classic,None,70,0.30917642289652203,0.32530929454753954,0.6692981291443054,0.2695895426554389
time_domain_objective,aggressive,classic,None,71,0.30917642289652203,0.32530929454753954,0.6692981291443054,0.2695895426554389
time_domain_objective,aggressive,classic,None,72,0.30917642289652203,0.32530929454753954,0.6692981291443054,0.2695895426554389
time_domain_objective,aggressive,classic,None,73,0.30917642289652203,0.32530929454753954,0.6692981291443054,0.2695895426554389
time_domain_objective,aggressive,classic,None,74,0.30917642289652203,0.32530929454753954,0.6692981291443054,0.2695895426554389
time_domain_objective,aggressive,classic,None,75,0.30917642289652203,0.32530929454753954,0.6692981291443054,0.2695895426554389
time_domain_objective,aggressive,classic,step,1,0.7810848247677338,2.401656370488376,0.7982423141760931,0.42507681974908795
time_domain_objective,aggressive,classic,step,2,0.7810848247677338,0.9102911012974277,0.7982423141760931,0.2887780330761014
time_domain_objective,aggressive,classic,step,3,0.5862271324477094,0.9102911012974277,0.7982423141760931,0.28349295397490226
time_domain_objective,aggressive,classic,step,4,0.5862271324477094,0.9102911012974277,0.7982423141760931,0.27322454284191333
time_domain_objective,aggressive,classic,step,5,0.4931526578923352,0.9102911012974277,0.7982423141760931,0.2728292926891527
time_domain_objective,aggressive,classic,step,6,0.4931526578923352,0.9102911012974277,0.7982423141760931,0.2709727253393817
time_domain_objective,aggressive,classic,step,7,0.4931526578923352,0.9102911012974277,0.7982423141760931,0.27083506026805476
time_domain_objective,aggressive,classic,step,8,0.4931526578923352,0.9102911012974277,0.7982423141760931,0.2696022456682089
time_domain_objective,aggressive,classic,step,9,0.4144838841504841,0.9102911012974277,0.7982423141760931,0.26959488969583434
time_domain_objective,aggressive,classic,step,10,0.4144838841504841,0.9102911012974277,0.7982423141760931,0.269552084451075
time_domain_objective,aggressive,classic,step,11,0.4144838841504841,0.9102911012974277,0.7982423141760931,0.269552084451075
time_domain_objective,aggressive,classic,step,12,0.4144838841504841,0.9102911012974277,0.7982423141760931,0.269552084451075
time_domain_objective,aggressive,classic,step,13,0.4144838841504841,0.9102911012974277,0.7982423141760931,0.269552084451075
time_domain_objective,aggressive,classic,step,14,0.4144838841504841,0.9102911012974277,0.7982423141760931,0.269552084451075
time_domain_objective,aggressive,classic,step,15,0.4144838841504841,0.9102911012974277,0.7982423141760931,0.269552084451075
time_domain_objective,aggressive,classic,step,16,0.4144838841504841,0.9102911012974277,0.7982423141760931,0.269552084451075
time_domain_objective,aggressive,classic,step,17,0.4144838841504841,0.9102911012974277,0.7982423141760931,0.269552084451075
time_domain_objective,aggressive,classic,step,18,0.4144838841504841,0.9102911012974277,0.7982423141760931,0.269552084451075
time_domain_objective,aggressive,classic,step,19,0.4144838841504841,0.9102911012974277,0.7982423141760931,0.269552084451075
time_domain_objective,aggressive,classic,step,20,0.4144838841504841,0.9102911012974277,0.7982423141760931,0.269552084451075
time_domain_objective,aggressive,classic,step,21,0.3404721339428801,0.9102911012974277,0.7982423141760931,0.269552084451075
time_domain_objective,aggressive,classic,step,22,0.33444428807176263,0.9102911012974277,0.7982423141760931,0.269552084451075
time_domain_objective,aggressive,classic,step,23,0.33444428807176263,0.9102911012974277,0.7982423141760931,0.269552084451075
time_domain_objective,aggressive,classic,step,24,0.33444428807176263,0.9102911012974277,0.7982423141760931,0.269552084451075
time_domain_objective,aggressive,classic,step,25,0.33444428807176263,0.9102911012974277,0.7982423141760931,0.269552084451075
time_domain_objective,aggressive,classic,step,26,0.33444428807176263,0.9102911012974277,0.7982423141760931,0.269552084451075
time_domain_objective,aggressive,classic,step,27,0.33444428807176263,0.9102911012974277,0.7982423141760931,0.269552084451075
time_domain_objective,aggressive,classic,step,28,0.33444428807176263,0.9102911012974277,0.7982423141760931,0.269552084451075
time_domain_objective,aggressive,classic,step,29,0.33444428807176263,0.9102911012974277,0.7982423141760931,0.269552084451075
time_domain_objective,aggressive,classic,step,30,0.33444428807176263,0.9102911012974277,0.7982423141760931,0.269552084451075
time_domain_objective,aggressive,classic,step,31,0.33444428807176263,0.9102911012974277,0.7982423141760931,0.269552084451075
time_domain_objective,aggressive,classic,step,32,0.33444428807176263,0.9102911012974277,0.7982423141760931,0.269552084451075
time_domain_objective,aggressive,classic,step,33,0.33444428807176263,0.9102911012974277,0.7982423141760931,0.269552084451075
time_domain_objective,aggressive,classic,step,34,0.33444428807176263,0.9102911012974277,0.7982423141760931,0.269552084451075
time_domain_objective,aggressive,classic,step,35,0.33444428807176263,0.9102911012974277,0.7982423141760931,0.269552084451075
time_domain_objective,aggressive,classic,step,36,0.33444428807176263,0.9102911012974277,0.7982423141760931,0.269552084451075
time_domain_objective,aggressive,classic,step,37,0.33444428807176263,0.9102911012974277,0.7982423141760931,0.269552084451075
time_domain_objective,aggressive,classic,step,38,0.33444428807176263,0.9072308630775947,0.7982423141760931,0.269552084451075
time_domain_objective,aggressive,classic,step,39,0.33444428807176263,0.9072308630775947,0.6318194442242336,0.269552084451075
time_domain_objective,aggressive,classic,step,40,0.33444428807176263,0.9072308630775947,0.6318194442242336,0.269552084451075
time_domain_objective,aggressive,classic,step,41,0.33325388618050567,0.9072308630775947,0.6318194442242336,0.269552084451075
time_domain_objective,aggressive,classic,step,42,0.33325388618050567,0.9072308630775947,0.6318194442242336,0.269552084451075
time_domain_objective,aggressive,classic,step,43,0.33325388618050567,0.9072308630775947,0.6318194442242336,0.269552084451075
time_domain_objective,aggressive,classic,step,44,0.33325388618050567,0.9072308630775947,0.6318194442242336,0.269552084451075
time_domain_objective,aggressive,classic,step,45,0.33325388618050567,0.9072308630775947,0.6318194442242336,0.269552084451075
time_domain_objective,aggressive,classic,step,46,0.33325388618050567,0.9072308630775947,0.6318194442242336,0.269552084451075
time_domain_objective,aggressive,classic,step,47,0.33325388618050567,0.9072308630775947,0.6318194442242336,0.269552084451075
time_domain_objective,aggressive,classic,step,48,0.33325388618050567,0.9072308630775947,0.6318194442242336,0.269552084451075
time_domain_objective,aggressive,classic,step,49,0.33325388618050567,0.9072308630775947,0.6318194442242336,0.269552084451075
time_domain_objective,aggressive,classic,step,50,0.33325388618050567,0.9072308630775947,0.6318194442242336,0.269552084451075
time_domain_objective,aggressive,classic,step,51,0.33325388618050567,0.9072308630775947,0.6318194442242336,0.269552084451075
time_domain_objective,aggressive,classic,step,52,0.33325388618050567,0.9072308630775947,0.6318194442242336,0.269552084451075
time_domain_objective,aggressive,classic,step,53,0.33325388618050567,0.9072308630775947,0.6318194442242336,0.269552084451075
time_domain_objective,aggressive,classic,step,54,0.33325388618050567,0.9072308630775947,0.6318194442242336,0.269552084451075
time_domain_objective,aggressive,classic,step,55,0.33325388618050567,0.9072308630775947,0.6318194442242336,0.269552084451075
time_domain_objective,aggressive,classic,step,56,0.33325388618050567,0.9072308630775947,0.6318194442242336,0.269552084451075
time_domain_objective,aggressive,classic,step,57,0.33325388618050567,0.9072308630775947,0.6318194442242336,0.269552084451075
time_domain_objective,aggressive,classic,step,58,0.33325388618050567,0.9072308630775947,0.6318194442242336,0.269552084451075
time_domain_objective,aggressive,classic,step,59,0.33325388618050567,0.9072308630775947,0.6318194442242336,0.269552084451075
time_domain_objective,aggressive,classic,step,60,0.33325388618050567,0.9072308630775947,0.6318194442242336,0.269552084451075
time_domain_objective,aggressive,classic,step,61,0.33325388618050567,0.9072308630775947,0.6318194442242336,0.269552084451075
time_domain_objective,aggressive,classic,step,62,0.33325388618050567,0.9072308630775947,0.6318194442242336,0.269552084451075
time_domain_objective,aggressive,classic,step,63,0.33325388618050567,0.9072308630775947,0.6318194442242336,0.269552084451075
time_domain_objective,aggressive,classic,step,64,0.33325388618050567,0.9072308630775947,0.6318194442242336,0.269552084451075
time_domain_objective,aggressive,classic,step,65,0.33325388618050567,0.9072308630775947,0.6318194442242336,0.269552084451075
time_domain_objective,aggressive,classic,step,66,0.33325388618050567,0.9072308630775947,0.6318194442242336,0.269552084451075
time_domain_objective,aggressive,classic,step,67,0.33325388618050567,0.9072308630775947,0.6318194442242336,0.269552084451075
time_domain_objective,aggressive,classic,step,68,0.33325388618050567,0.9072308630775947,0.6318194442242336,0.269552084451075
time_domain_objective,aggressive,classic,step,69,0.33325388618050567,0.9072308630775947,0.6318194442242336,0.269552084451075
time_domain_objective,aggressive,classic,step,70,0.33325388618050567,0.9072308630775947,0.6318194442242336,0.269552084451075
time_domain_objective,aggressive,classic,step,71,0.33325388618050567,0.9072308630775947,0.6318194442242336,0.269552084451075
time_domain_objective,aggressive,classic,step,72,0.33325388618050567,0.9072308630775947,0.6318194442242336,0.269552084451075
time_domain_objective,aggressive,classic,step,73,0.33325388618050567,0.9072308630775947,0.6318194442242336,0.269552084451075
time_domain_objective,aggressive,classic,step,74,0.33325388618050567,0.9072308630775947,0.6318194442242336,0.269552084451075
time_domain_objective,aggressive,classic,step,75,0.33325388618050567,0.9072308630775947,0.6318194442242336,0.269552084451075
time_domain_objective,conservative,classic,None,1,0.46916301538980926,0.4438785672114203,0.4701410491392376,0.3947610799848053
time_domain_objective,conservative,classic,None,2,0.45133670170499873,0.4438785672114203,0.4701410491392376,0.39375433682044825
time_domain_objective,conservative,classic,None,3,0.445672543726727,0.4438785672114203,0.4701410491392376,0.39327522513100727
time_domain_objective,conservative,classic,None,4,0.4233335132200999,0.4438785672114203,0.4701410491392376,0.39327522513100727
time_domain_objective,conservative,classic,None,5,0.4233335132200999,0.4438785672114203,0.4701410491392376,0.3932500622455051
time_domain_objective,conservative,classic,None,6,0.4191832603839806,0.4438785672114203,0.4701410491392376,0.3931853250361994
time_domain_objective,conservative,classic,None,7,0.4191832603839806,0.4438785672114203,0.444288027435143,0.39318192052618356
time_domain_objective,conservative,classic,None,8,0.4078535787991115,0.4438785672114203,0.444288027435143,0.39317677151637376
time_domain_objective,conservative,classic,None,9,0.4078535787991115,0.4438785672114203,0.4336941744063629,0.39317677151637376
time_domain_objective,conservative,classic,None,10,0.40201388852457864,0.4438785672114203,0.4336941744063629,0.39317677151637376
time_domain_objective,conservative,classic,None,11,0.40201388852457864,0.4438785672114203,0.4336941744063629,0.39317677151637376
time_domain_objective,conservative,classic,None,12,0.40201388852457864,0.4438785672114203,0.4336941744063629,0.39317677151637376
time_domain_objective,conservative,classic,None,13,0.40201388852457864,0.4438785672114203,0.4336941744063629,0.39317677151637376
time_domain_objective,conservative,classic,None,14,0.40201388852457864,0.4438785672114203,0.4336941744063629,0.3931741936205958
time_domain_objective,conservative,classic,None,15,0.40201388852457864,0.4438785672114203,0.4336941744063629,0.39317379459292034
time_domain_objective,conservative,classic,None,16,0.40201388852457864,0.4438785672114203,0.4336941744063629,0.39317379459292034
time_domain_objective,conservative,classic,None,17,0.40201388852457864,0.4438785672114203,0.4336941744063629,0.39317379459292034
time_domain_objective,conservative,classic,None,18,0.39863150690687954,0.4438785672114203,0.4336941744063629,0.39317379459292034
time_domain_objective,conservative,classic,None,19,0.39863150690687954,0.4438785672114203,0.4336941744063629,0.39317379459292034
time_domain_objective,conservative,classic,None,20,0.39863150690687954,0.4438785672114203,0.4336941744063629,0.39317379459292034
time_domain_objective,conservative,classic,None,21,0.39863150690687954,0.4438785672114203,0.4336941744063629,0.39317379459292034
time_domain_objective,conservative,classic,None,22,0.39863150690687954,0.4438785672114203,0.4336941744063629,0.39317379459292034
time_domain_objective,conservative,classic,None,23,0.39863150690687954,0.4438785672114203,0.4336941744063629,0.39317379459292034
time_domain_objective,conservative,classic,None,24,0.39863150690687954,0.4438785672114203,0.4336941744063629,0.39317379459292034
time_domain_objective,conservative,classic,None,25,0.39863150690687954,0.4438785672114203,0.4336941744063629,0.39317379459292034
time_domain_objective,conservative,classic,None,26,0.39863150690687954,0.41841276168160085,0.4336941744063629,0.39317379459292034
time_domain_objective,conservative,classic,None,27,0.39863150690687954,0.41841276168160085,0.4336941744063629,0.39317379459292034
time_domain_objective,conservative,classic,None,28,0.39863150690687954,0.4116739930586091,0.4336941744063629,0.3931731975699972
time_domain_objective,conservative,classic,None,29,0.39863150690687954,0.4116739930586091,0.4336941744063629,0.3931731975699972
time_domain_objective,conservative,classic,None,30,0.39863150690687954,0.4116739930586091,0.4336941744063629,0.3931731975699972
time_domain_objective,conservative,classic,None,31,0.39863150690687954,0.4116739930586091,0.4336941744063629,0.3931731975699972
time_domain_objective,conservative,classic,None,32,0.39863150690687954,0.4116739930586091,0.4336941744063629,0.3931731975699972
time_domain_objective,conservative,classic,None,33,0.39863150690687954,0.4116739930586091,0.4336941744063629,0.3931731975699972
time_domain_objective,conservative,classic,None,34,0.39863150690687954,0.4116739930586091,0.4336941744063629,0.3931731975699972
time_domain_objective,conservative,classic,None,35,0.39863150690687954,0.4116739930586091,0.4336941744063629,0.3931731975699972
time_domain_objective,conservative,classic,None,36,0.39863150690687954,0.4116739930586091,0.4336941744063629,0.3931731975699972
time_domain_objective,conservative,classic,None,37,0.39863150690687954,0.4116739930586091,0.4336941744063629,0.39317295142132497
time_domain_objective,conservative,classic,None,38,0.39863150690687954,0.4116739930586091,0.4263939421585023,0.39317295142132497
time_domain_objective,conservative,classic,None,39,0.39863150690687954,0.4116739930586091,0.4263939421585023,0.39317295142132497
time_domain_objective,conservative,classic,None,40,0.39863150690687954,0.4116739930586091,0.4263939421585023,0.39317295142132497
time_domain_objective,conservative,classic,None,41,0.39863150690687954,0.4116739930586091,0.4263939421585023,0.39317295142132497
time_domain_objective,conservative,classic,None,42,0.39863150690687954,0.4116739930586091,0.4263939421585023,0.39317295142132497
time_domain_objective,conservative,classic,None,43,0.39863150690687954,0.41111192657787843,0.4263939421585023,0.39317295142132497
time_domain_objective,conservative,classic,None,44,0.39863150690687954,0.41111192657787843,0.4263939421585023,0.39317295142132497
time_domain_objective,conservative,classic,None,45,0.39863150690687954,0.4065038716254704,0.4263939421585023,0.39317295142132497
time_domain_objective,conservative,classic,None,46,0.39863150690687954,0.4065038716254704,0.4263939421585023,0.39317295142132497
time_domain_objective,conservative,classic,None,47,0.39863150690687954,0.4065038716254704,0.4263939421585023,0.39317295142132497
time_domain_objective,conservative,classic,None,48,0.39863150690687954,0.4065038716254704,0.4263939421585023,0.39317295142132497
time_domain_objective,conservative,classic,None,49,0.39863150690687954,0.4065038716254704,0.4263939421585023,0.39317295142132497
time_domain_objective,conservative,classic,None,50,0.39863150690687954,0.4065038716254704,0.4263939421585023,0.39317295142132497
time_domain_objective,conservative,classic,None,51,0.39863150690687954,0.4065038716254704,0.4263939421585023,0.39317295142132497
time_domain_objective,conservative,classic,None,52,0.39863150690687954,0.4065038716254704,0.4263939421585023,0.39317295142132497
time_domain_objective,conservative,classic,None,53,0.39863150690687954,0.4065038716254704,0.4263939421585023,0.39317295142132497
time_domain_objective,conservative,classic,None,54,0.39863150690687954,0.4065038716254704,0.4263939421585023,0.39317295142132497
time_domain_objective,conservative,classic,None,55,0.39863150690687954,0.4065038716254704,0.4263939421585023,0.39317295142132497
time_domain_objective,conservative,classic,None,56,0.39863150690687954,0.4065038716254704,0.4263939421585023,0.39317295142132497
time_domain_objective,conservative,classic,None,57,0.39863150690687954,0.4065038716254704,0.4263939421585023,0.39317295142132497
time_domain_objective,conservative,classic,None,58,0.39863150690687954,0.4065038716254704,0.4263939421585023,0.39317295142132497
time_domain_objective,conservative,classic,None,59,0.39863150690687954,0.4065038716254704,0.4263939421585023,0.39317295142132497
time_domain_objective,conservative,classic,None,60,0.39863150690687954,0.4065038716254704,0.4263939421585023,0.39317295142132497
time_domain_objective,conservative,classic,None,61,0.39863150690687954,0.4065038716254704,0.4263939421585023,0.39317295142132497
time_domain_objective,conservative,classic,None,62,0.39863150690687954,0.4065038716254704,0.4263939421585023,0.39317295142132497
time_domain_objective,conservative,classic,None,63,0.39863150690687954,0.4065038716254704,0.4263939421585023,0.39317295142132497
time_domain_objective,conservative,classic,None,64,0.39863150690687954,0.4065038716254704,0.4263939421585023,0.39317295142132497
time_domain_objective,conservative,classic,None,65,0.39863150690687954,0.4065038716254704,0.4263939421585023,0.39317295142132497
time_domain_objective,conservative,classic,None,66,0.39863150690687954,0.4065038716254704,0.4263939421585023,0.39317295142132497
time_domain_objective,conservative,classic,None,67,0.39863150690687954,0.4065038716254704,0.4263939421585023,0.39317295142132497
time_domain_objective,conservative,classic,None,68,0.39863150690687954,0.4065038716254704,0.4263939421585023,0.39317295142132497
time_domain_objective,conservative,classic,None,69,0.39863150690687954,0.4065038716254704,0.4263939421585023,0.39317295142132497
time_domain_objective,conservative,classic,None,70,0.39863150690687954,0.4065038716254704,0.4263939421585023,0.39317295142132497
time_domain_objective,conservative,classic,None,71,0.39863150690687954,0.4065038716254704,0.4263939421585023,0.39317295142132497
time_domain_objective,conservative,classic,None,72,0.39863150690687954,0.4065038716254704,0.4263939421585023,0.39317295142132497
time_domain_objective,conservative,classic,None,73,0.39863150690687954,0.4065038716254704,0.4263939421585023,0.39317295142132497
time_domain_objective,conservative,classic,None,74,0.39863150690687954,0.4065038716254704,0.4263939421585023,0.39317295142132497
time_domain_objective,conservative,classic,None,75,0.39863150690687954,0.4065038716254704,0.4263939421585023,0.39317295142132497
time_domain_objective,conservative,classic,step,1,0.43418719202009215,0.452993102248335,0.5166001917677479,0.40190721006642677
time_domain_objective,conservative,classic,step,2,0.41094003138669616,0.452993102248335,0.5166001917677479,0.3950294458398681
time_domain_objective,conservative,classic,step,3,0.40967007022206114,0.452993102248335,0.5133409486559384,0.39447215117489715
time_domain_objective,conservative,classic,step,4,0.40967007022206114,0.452993102248335,0.5133409486559384,0.3937000130508382
time_domain_objective,conservative,classic,step,5,0.40967007022206114,0.452993102248335,0.5133409486559384,0.3934432051221171
time_domain_objective,conservative,classic,step,6,0.40967007022206114,0.4279169373054465,0.4945853742275085,0.3933007466457797
time_domain_objective,conservative,classic,step,7,0.40564072738668466,0.4279169373054465,0.4945853742275085,0.39319872136918593
time_domain_objective,conservative,classic,step,8,0.40564072738668466,0.4279169373054465,0.4945853742275085,0.3931858412737042
time_domain_objective,conservative,classic,step,9,0.4039107948778506,0.4279169373054465,0.4945853742275085,0.3931858412737042
time_domain_objective,conservative,classic,step,10,0.4039107948778506,0.4279169373054465,0.44365615618551546,0.3931858412737042
time_domain_objective,conservative,classic,step,11,0.4039107948778506,0.4279169373054465,0.44365615618551546,0.3931858412737042
time_domain_objective,conservative,classic,step,12,0.40274874544592587,0.4279169373054465,0.44365615618551546,0.3931858412737042
time_domain_objective,conservative,classic,step,13,0.40274874544592587,0.4279169373054465,0.44365615618551546,0.3931858412737042
time_domain_objective,conservative,classic,step,14,0.40274874544592587,0.4279169373054465,0.44365615618551546,0.39318583550172753
time_domain_objective,conservative,classic,step,15,0.40274874544592587,0.4279169373054465,0.44365615618551546,0.39318583550172753
time_domain_objective,conservative,classic,step,16,0.40274874544592587,0.4279169373054465,0.44365615618551546,0.39318459654622073
time_domain_objective,conservative,classic,step,17,0.40274874544592587,0.4279169373054465,0.44365615618551546,0.39318459654622073
time_domain_objective,conservative,classic,step,18,0.40274874544592587,0.4279169373054465,0.44365615618551546,0.39318459654622073
time_domain_objective,conservative,classic,step,19,0.40274874544592587,0.4146430702303593,0.44365615618551546,0.39318459654622073
time_domain_objective,conservative,classic,step,20,0.40274874544592587,0.4146430702303593,0.44365615618551546,0.39318459654622073
time_domain_objective,conservative,classic,step,21,0.3997152141564488,0.4146430702303593,0.44365615618551546,0.39318459654622073
time_domain_objective,conservative,classic,step,22,0.3997152141564488,0.4146430702303593,0.44365615618551546,0.39318459654622073
time_domain_objective,conservative,classic,step,23,0.3988356739104358,0.4146430702303593,0.44365615618551546,0.3931844313377292
time_domain_objective,conservative,classic,step,24,0.3988356739104358,0.4146430702303593,0.44365615618551546,0.3931844313377292
time_domain_objective,conservative,classic,step,25,0.3988356739104358,0.4146430702303593,0.44365615618551546,0.3931844313377292
time_domain_objective,conservative,classic,step,26,0.3988356739104358,0.4146430702303593,0.44365615618551546,0.3931844313377292
time_domain_objective,conservative,classic,step,27,0.3988356739104358,0.4146430702303593,0.44365615618551546,0.3931844313377292
time_domain_objective,conservative,classic,step,28,0.3988356739104358,0.4146430702303593,0.44365615618551546,0.3931844313377292
time_domain_objective,conservative,classic,step,29,0.3988356739104358,0.4146430702303593,0.44365615618551546,0.3931844313377292
time_domain_objective,conservative,classic,step,30,0.3988356739104358,0.4146430702303593,0.44365615618551546,0.3931844313377292
time_domain_objective,conservative,classic,step,31,0.3988356739104358,0.4146430702303593,0.44365615618551546,0.3931844313377292
time_domain_objective,conservative,classic,step,32,0.3988356739104358,0.4146430702303593,0.44365615618551546,0.3931844313377292
time_domain_objective,conservative,classic,step,33,0.3988356739104358,0.4146430702303593,0.44365615618551546,0.3931844313377292
time_domain_objective,conservative,classic,step,34,0.3988356739104358,0.4146430702303593,0.44365615618551546,0.3931844313377292
time_domain_objective,conservative,classic,step,35,0.3988356739104358,0.4146430702303593,0.44365615618551546,0.3931844313377292
time_domain_objective,conservative,classic,step,36,0.3986458925054897,0.3973603467625787,0.44365615618551546,0.3931844313377292
time_domain_objective,conservative,classic,step,37,0.3986458925054897,0.3951761971610082,0.44365615618551546,0.3931844313377292
time_domain_objective,conservative,classic,step,38,0.3986458925054897,0.3951761971610082,0.44365615618551546,0.3931844313377292
time_domain_objective,conservative,classic,step,39,0.3986458925054897,0.3951761971610082,0.44365615618551546,0.3931844313377292
time_domain_objective,conservative,classic,step,40,0.3986458925054897,0.3951761971610082,0.432636285775517,0.3931844313377292
time_domain_objective,conservative,classic,step,41,0.3986458925054897,0.3951761971610082,0.432636285775517,0.3931844313377292
time_domain_objective,conservative,classic,step,42,0.3986458925054897,0.3951761971610082,0.432636285775517,0.3931844313377292
time_domain_objective,conservative,classic,step,43,0.3986458925054897,0.3951761971610082,0.432636285775517,0.3931844313377292
time_domain_objective,conservative,classic,step,44,0.3986458925054897,0.3951761971610082,0.432636285775517,0.3931844313377292
time_domain_objective,conservative,classic,step,45,0.3986458925054897,0.3951761971610082,0.432636285775517,0.3931844313377292
time_domain_objective,conservative,classic,step,46,0.3986458925054897,0.3951761971610082,0.432636285775517,0.3931844313377292
time_domain_objective,conservative,classic,step,47,0.3986458925054897,0.3951761971610082,0.4297324332688751,0.3931844313377292
time_domain_objective,conservative,classic,step,48,0.3986458925054897,0.3951761971610082,0.4297324332688751,0.3931844313377292
time_domain_objective,conservative,classic,step,49,0.3986458925054897,0.3951761971610082,0.4297324332688751,0.39318442550254346
time_domain_objective,conservative,classic,step,50,0.3986458925054897,0.3951761971610082,0.4297324332688751,0.39318442550254346
time_domain_objective,conservative,classic,step,51,0.3986458925054897,0.3951761971610082,0.4297324332688751,0.39318442550254346
time_domain_objective,conservative,classic,step,52,0.3986458925054897,0.3951761971610082,0.4297324332688751,0.39318442550254346
time_domain_objective,conservative,classic,step,53,0.3986458925054897,0.3951761971610082,0.4297324332688751,0.39318442550254346
time_domain_objective,conservative,classic,step,54,0.3986458925054897,0.3951761971610082,0.4297324332688751,0.39318442550254346
time_domain_objective,conservative,classic,step,55,0.3986458925054897,0.3951761971610082,0.4297324332688751,0.39318442550254346
time_domain_objective,conservative,classic,step,56,0.3986458925054897,0.3951761971610082,0.4297324332688751,0.39318442550254346
time_domain_objective,conservative,classic,step,57,0.3986458925054897,0.3951761971610082,0.4297324332688751,0.39318442550254346
time_domain_objective,conservative,classic,step,58,0.3986458925054897,0.3951761971610082,0.4297324332688751,0.39318442550254346
time_domain_objective,conservative,classic,step,59,0.3986458925054897,0.3951761971610082,0.4297324332688751,0.39318442550254346
time_domain_objective,conservative,classic,step,60,0.3986458925054897,0.3951761971610082,0.4297324332688751,0.39318442550254346
time_domain_objective,conservative,classic,step,61,0.3986458925054897,0.3951761971610082,0.4297324332688751,0.39318442550254346
time_domain_objective,conservative,classic,step,62,0.3986458925054897,0.3951761971610082,0.4297324332688751,0.39318442550254346
time_domain_objective,conservative,classic,step,63,0.3986458925054897,0.3951761971610082,0.4297324332688751,0.39318442550254346
time_domain_objective,conservative,classic,step,64,0.3986458925054897,0.3951761971610082,0.4297324332688751,0.39318442550254346
time_domain_objective,conservative,classic,step,65,0.3986458925054897,0.3951761971610082,0.4297324332688751,0.39318442550254346
time_domain_objective,conservative,classic,step,66,0.3986458925054897,0.3951761971610082,0.4297324332688751,0.39318442550254346
time_domain_objective,conservative,classic,step,67,0.3986458925054897,0.3951761971610082,0.4297324332688751,0.39318442550254346
time_domain_objective,conservative,classic,step,68,0.3986458925054897,0.3951761971610082,0.4297324332688751,0.39318442550254346
time_domain_objective,conservative,classic,step,69,0.3986458925054897,0.3951761971610082,0.4297324332688751,0.39318442550254346
time_domain_objective,conservative,classic,step,70,0.3986458925054897,0.3951761971610082,0.4297324332688751,0.39318442550254346
time_domain_objective,conservative,classic,step,71,0.3986458925054897,0.3951761971610082,0.4297324332688751,0.39318442550254346
time_domain_objective,conservative,classic,step,72,0.3986458925054897,0.3951761971610082,0.4297324332688751,0.39318442550254346
time_domain_objective,conservative,classic,step,73,0.3986458925054897,0.3951761971610082,0.4297324332688751,0.39318442550254346
time_domain_objective,conservative,classic,step,74,0.3986458925054897,0.3951761971610082,0.4297324332688751,0.39318442550254346
time_domain_objective,conservative,classic,step,75,0.3986458925054897,0.3951761971610082,0.4297324332688751,0.39318442550254346
